ID,name,smiles,space_group,inversion_symmetry,beta_packing,density,packing_coefficient
0, AYOCIA , C1C=C(c2ccccc12)c1c2ccccc2cc2ccccc12 , P21/n ,0,0,1.23664507111,0.677367433593
1, BILQUK , Cc1ccc(cc1)C#CC1=C2c3ccccc3C(=C2c2cccc3cccc1c23)c1ccccc1 , P-1 ,1,1,1.2312000174,0.659995837958
2, DOPLAV , C1c2cccc3cccc(CC45C=CC14C=C5)c23 , Pnma ,1,1,1.25550242774,0.7081067503919999
3, DBNTHR10 , c1ccc2c(c1)ccc1cc3c(ccc4ccccc34)cc21 , P21 ,0,0,1.2985573811700002,0.65303030303
4, YOSZOX , c1ccc2c(c1)cc1c3c4ccccc4c4ccccc4c3c3cc4ccccc4c2c13 , Pccn ,1,0,1.4302358763,0.751086507477
5, CUYYOM , CC(C)(C)c1cc2ccc3cc(cc4c3c2c(c1)c1ccc2c3ccc5cccc6ccc(cc2c41)c3c56)C(C)(C)C , P21/c ,1,0,1.26111917629,0.686480138735
6, MUVCIQ , Cc1c2ccccc2c(C)c2c(C)c3ccccc3c(C)c12 , P21/c ,1,0,1.2725994301,0.7345098039219999
7, WOVVIO , c1ccc(cc1)c1ccc2cc3cc(ccc3cc2c1)c1ccccc1 , P21/c ,1,0,1.32988762802,0.7349099099099999
8, CAZTAB , c1ccc(cc1)c1ccc2c3cc4ccc5c(ccc6c7cc8ccc1c2c8c3c7c4c56)c1ccccc1 , P212121 ,0,0,1.40615528265,0.735901765368
9, XIGCEY , c1cc2ccc3c4ccc5cccc6ccc(c7ccc(c1)c2c37)c4c56 , P21/c ,1,0,1.4022620197,0.729216589862
10, TEQLEG , C1CCc2c(C1)c(c1ccccc1)c1ccccc1c2c1ccccc1 , Pbca ,1,0,1.17093709442,0.6793727466830001
11, KUBWEJ , Cc1ccc(cc1)c1c2ccccc2cc2ccccc12 , C2/c ,1,0,1.16309151859,0.644451756606
12, FEWWEJ01 , Cc1cccc2ccc3cccc(C)c3c12 , P21 ,0,0,1.19315558773,0.688350340136
13, FEWWEJ02 , Cc1cccc2ccc3cccc(C)c3c12 , P21 ,0,0,1.19906239037,0.6839311482170001
14, FEWWEJ03 , Cc1cccc2ccc3cccc(C)c3c12 , P21 ,0,0,1.23388921851,0.7079109914480001
15, HEXHEL , c1ccc2c(c1)ccc1ccc3ccc4ccc5ccccc5c4c3c21 , P212121 ,0,0,1.2892904037100001,0.697332663242
16, KEDJOS , Cc1c(C)c2ccccc2c2ccccc12 , P21 ,0,0,1.22047683567,0.698586693336
17, JAKROC , c1ccc2cc(ccc2c1)c1ccc2ccccc2c1 , P21/c ,1,0,1.28370913298,0.707317073171
18, DMBZAN01 , Cc1cccc2ccc3cc4ccccc4c(C)c3c12 , P21 ,0,0,1.22398256515,0.689435215947
19, VUFHEK , c1ccc2c(c1)c1cc3ccc4cc5c6ccccc6c6cc7cc2c1c1c3c4c(c71)c56 , Cmc21 ,0,0,1.42899414463,0.72690662702
20, UFUBAA , Cc1cc(C)c2c(ccc3c4cc(cc5ccc6c(C)cc(C)c(c6c45)c23)C(C)(C)C)c1 , P-1 ,1,1,1.2535603489700002,0.717634030356
21, ZUNLOL , c1ccc(cc1)c1ccc(cc1)c1c2ccccc2cc2ccccc12 , P21/n ,0,1,1.2450885223700001,0.6843774990989999
22, UDIPAB , Cc1ccc(cc1)C=C1c2ccccc2c2c1ccc1ccc3C(=Cc4ccc(C)cc4)c4ccccc4c3c21 , C2/c ,1,1,1.2795493125200001,0.704617996604
23, ZEDPOQ , c1ccc2c(c1)cc1cccc3C(=Cc2c13)c1ccc2ccc3cccc4ccc1c2c34 , P21/c ,1,1,1.3636480003600002,0.713287103459
24, PERLEN , c1cc2cccc3c4cccc5cccc(c(c1)c23)c45 , P21/a ,0,1,1.31121714511,0.652034849027
25, ANTCEN09 , c1ccc2cc3ccccc3cc2c1 , P21/a ,0,0,1.2967168877,0.728045404208
26, ANTCEN08 , c1ccc2cc3ccccc3cc2c1 , P1121/b ,0,0,1.29512279655,0.7214928732179999
27, ANTCEN07 , c1ccc2cc3ccccc3cc2c1 , P1121/b ,0,0,1.25054509138,0.699764226771
28, HICFAD , c1ccc(cc1)C#Cc1c(C#Cc2ccccc2)c2c(cccc2c2cccc(c3ccccc3)c12)c1ccccc1 , Pbca ,1,0,1.23861651391,0.6773554630699999
29, ANTCEN01 , c1ccc2cc3ccccc3cc2c1 , P21/a ,0,0,1.29139398365,0.7593237595110001
30, TONLEN , c1cc2cccc3c2c(c1)c1c3c2c3cccc4cccc(c34)c2c2c3cccc4cccc(c34)c12 , C2221 ,0,1,1.43478892997,0.7390099158650001
31, EHUCIU , CCCCCCC#Cc1cc(C#CCCCCCC)c2ccc3c(cc(C#CCCCCCC)c4ccc1c2c34)C#CCCCCCC , P-1 ,1,1,1.1033355743200002,0.67898255814
32, CIZCIY , CCCCCCC#Cc1c2cc3ccccc3cc2c(C#CCCCCCC)c2cc3ccccc3cc12 , P-1 ,1,1,1.144254365,0.666727560589
33, POBPIG06 , c1ccc2c(c1)c1ccc3c4ccc5c6ccccc6c6ccc(c7ccc2c1c37)c4c56 , P21/a ,0,0,1.29257062713,0.665959148517
34, TUJWUQ , C1C=Cc2ccc3ccccc3c2c2c1ccc1ccccc21 , P21/n ,0,0,1.2398150023799999,0.6834161816500001
35, VUFJAI , c1ccc2c(c1)c1cc3ccc4ccc5ccc6cc2c1c1c3c4c5c61 , P21/n ,0,1,1.45593890331,0.751695089377
36, KAFVUI , c1ccc2c(c1)cc1ccc3cccc4c5ccccc5c2c1c34 , P212121 ,0,0,1.39613750773,0.753008192524
37, CEGCAS , c1cc2ccc3ccc4ccc5ccc6ccc7ccc1c1c2c3c4c5c6c71 , C2/c ,1,1,1.38903628526,0.720293124954
38, CARREU , c1ccc(cc1)c1c2ccccc2c(c2ccccc2)c2cc3c(cc12)c(c1ccccc1)c1c2cccc4ccc5cccc(c5c24)c1c3c1ccccc1 , P-1 ,1,1,1.25409878064,0.66011864242
39, LETCOE , c1ccc2c(c1)cccc2c1cccc(c1)c1cccc2ccccc12 , P-1 ,1,1,1.2583558333,0.701989121989
40, CAZHIX , Cc1c(C)c2cc3c4ccccc4c4cc5cc6c7ccccc7c7cc1c1c2c(c5c1c67)c34 , P21 ,0,0,1.37251707041,0.706734664352
41, QQQABM10 , Cc1cccc2c3ccccc3c3ccccc3c12 , P212121 ,0,0,1.25049404252,0.714950454469
42, VOTBAJ , c1ccc2c(c1)cc1ccccc1c2C#Cc1ccccc1C#Cc1c2ccccc2cc2ccccc12 , P212121 ,0,0,1.2752254652600001,0.6912211687600001
43, LAYPIL , C1C2C1C1C3C=CC2C(C13)c1cc2ccccc2c2ccccc12 , C2/c ,1,0,1.2411743106,0.6824939435230001
44, BOYTAK01 , C1C=CC=Cc2c(C=C1)c(c1ccccc1)c1ccccc1c2c1ccccc1 , C2/c ,1,0,1.19201269712,0.671246877129
45, KAQKUK , c1ccc(cc1)c1cc2cccc3ccc4cccc1c4c23 , P-1 ,1,1,1.3353778049200002,0.714201507305
46, DIWPAC , Cc1ccc(cc1)C1C2CCC(C2)C1=Cc1ccc2ccccc2c1 , P21/c ,1,1,1.2273681707100002,0.707587435405
47, SIDQIH , c1ccc2c(c1)cccc2C=Cc1ccc(cc1)C=Cc1c2ccccc2cc2ccccc12 , P21/n ,0,0,1.22507791122,0.6703258093
48, OXOVEE , Cc1ccc(cc1)c1c2ccc(C)cc2c2ccc3cccc4c5ccccc5c1c2c34 , P21/c ,1,0,1.32869252089,0.7177030697779999
49, CETQOJ , CCCCCc1ccc(cc1)C=Cc1c2ccccc2c(C=Cc2ccc(CCCCC)cc2)c2ccccc12 , P-1 ,1,1,1.14512611985,0.671255736337
50, JIKRAW , c1ccc(cc1)C(c1ccccc1)=C1c2cccc3cccc1c23 , P21/c ,1,1,1.24515469675,0.6906037584970001
51, DASTUM , c1ccc(cc1)C=Cc1c2ccccc2cc2ccccc12 , P21/n ,0,1,1.2372220523200002,0.691819156115
52, NAMZEG , C#Cc1ccc2ccc3ccccc3c2c1 , Pbca ,1,0,1.22618753239,0.679043231751
53, NEKFAL , C1C2CC3CC1CC(C2)(C3)C#Cc1c2ccccc2c(C#CC23CC4CC(CC(C4)C2)C3)c2ccccc12 , P-1 ,1,1,1.23814861065,0.698447025869
54, TRIPHE15 , c1ccc2c(c1)c1ccccc1c1ccccc21 , P212121 ,0,0,1.3326668933499999,0.7290191290189999
55, TRIPHE13 , c1ccc2c(c1)c1ccccc1c1ccccc21 , P212121 ,0,0,1.32831671286,0.7270180436849999
56, TRIPHE12 , c1ccc2c(c1)c1ccccc1c1ccccc21 , P212121 ,0,0,1.3251090078899999,0.727174060507
57, TRIPHE11 , c1ccc2c(c1)c1ccccc1c1ccccc21 , P212121 ,0,0,1.30834862199,0.737487306932
58, HEXHEL02 , c1ccc2c(c1)ccc1ccc3ccc4ccc5ccccc5c4c3c21 , P212121 ,0,0,1.32192054225,0.713778113778
59, HEXHEL03 , c1ccc2c(c1)ccc1ccc3ccc4ccc5ccccc5c4c3c21 , P212121 ,0,0,1.30823160399,0.7092221353579999
60, FETZOW , c1ccc(cc1)C(=Cc1ccc2cc3ccccc3cc2c1)c1ccccc1 , Pbca ,1,0,1.21433552455,0.6732309746330001
61, HEXHEL04 , c1ccc2c(c1)ccc1ccc3ccc4ccc5ccccc5c4c3c21 , P212121 ,0,0,1.28431417441,0.6908644181370001
62, HEXHEL05 , c1ccc2c(c1)ccc1ccc3ccc4ccc5ccccc5c4c3c21 , P212121 ,0,0,1.3217733823200002,0.7029956529960001
63, BUTPYR11 , CC(C)(C)c1cc2ccc3cc(cc4ccc(c1)c2c34)C(C)(C)C , P-1 ,1,1,1.22341196697,0.7169393797720001
64, KAGGEG , c1cc2cccc3c4cc5cccc6cccc(c4cc(c1)c23)c56 , P21/c ,1,0,1.40378011299,0.748438893845
65, DMHXIC , Cc1cccc2ccc3ccc4ccc5ccc6cccc(C)c6c5c4c3c12 , C2/c ,1,1,1.27141476761,0.708060297494
66, NEHYUW , Cc1ccc(cc1)c1ccc2ccccc2c1c1ccc(C)cc1 , P21/c ,1,1,1.1528066873799998,0.6627836809650001
67, DIMNAP03 , Cc1cccc2c(C)cccc12 , P21/c ,1,0,1.16022117029,0.706878306878
68, DIMNAP02 , Cc1cccc2c(C)cccc12 , P21/c ,1,0,1.16283179037,0.708277863117
69, DIMNAP01 , Cc1cccc2c(C)cccc12 , P21/c ,1,0,1.14632840785,0.700068271036
70, DIDMEJ , CC(C)(C)c1ccc2c3ccccc3c3ccc(cc3c2c1)C(C)(C)C , Pbca ,1,0,1.12940543438,0.663084464555
71, UFOJAB , Cc1ccc(cc1)c1c2c(C)ccc(C)c2c(c2ccc(C)cc2)c(c2ccc(C)cc2)c1c1ccc(C)cc1 , P21/n ,0,0,1.08144507749,0.61517774122
72, IJOYAJ , C1CC21C=CC1CC21c1cc2ccccc2c2ccccc12 , Pna21 ,0,0,1.2221493240899999,0.680600181249
73, DIMNAP04 , Cc1cccc2c(C)cccc12 , P21/c ,1,0,1.14236883997,0.692489985241
74, DITBEN01 , c1ccc2c(c1)cc1ccccc1c2C#Cc1c2ccccc2cc2ccccc12 , P21/n ,0,0,1.32812247699,0.718672456576
75, RIBYIL , C(CCc1c2ccccc2cc2ccccc12)Cc1c2ccccc2cc2ccccc12 , P21/n ,0,0,1.1882664075,0.670257675439
76, KICGAH , Cc1c2ccc3[cH](C)c4c5ccccc5c5cc6cc7c8ccccc8c1c7[cH]1[cH]6[cH](c45)[cH]3[cH]21 , Cmc21 ,0,0,1.45078701713,0.736998946392
77, TAPSEK , c1ccc(cc1)C#Cc1c2c3ccccc3ccc2c(c2ccccc2)c2c3cccc4cccc(c34)c12 , P21/n ,0,0,1.32198833286,0.707981688916
78, PEYNAP , c1ccc(cc1)C#Cc1cccc2cccc(C#Cc3ccccc3)c12 , P21/n ,0,1,1.22394062574,0.685861713106
79, REYKAJ , Cc1cccc2ccc3ccc4ccc5ccccc5c4c3c12 , Pbca ,1,0,1.28258245525,0.694215218851
80, XECJIZ , c1ccc(cc1)c1c2ccccc2c(c2ccccc2)c2cc3ccccc3cc12 , P-1 ,1,1,1.2830844321100001,0.708188843431
81, WILKOS , Cc1cccc2c1ccc1ccc3ccccc3c21 , P21/c ,1,0,1.28272335891,0.729837092732
82, AKUSIK , c1ccc2c(c1)c1ccc3cccc4c3c1c2c1c2cccc3ccc5c6ccccc6c(c5c23)c41 , P21/c ,1,1,1.41118929743,0.719578931925
83, BEHGAZ , C1Cc2ccc3ccc(CCc4ccc5ccc1cc5c4)cc3c2 , Pbca ,1,0,1.24285981036,0.704975219215
84, DMNPTL02 , Cc1ccc2cc(C)ccc2c1 , Pbca ,1,0,1.17730900035,0.700156931125
85, VIHJIH , Cc1cccc2ccc3c(ccc4cccc(C)c34)c12 , P21/c ,1,1,1.3058333321100002,0.724552552553
86, NOTVAT01 , Cc1ccc(C)c2c1c1c(C)c(C)c3c4c(C)ccc(C)c4c4c(C)c(C)c2c1c34 , P-1 ,1,1,1.28999127011,0.72506889456
87, CAFVEN , c1cc2ccc3ccc(c4ccc5ccc6cccc7ccc4c5c67)c4ccc(c1)c2c34 , Pbcn ,1,1,1.38467827211,0.7270473442120001
88, VUFHUA , c1ccc2c(c1)c1ccccc1c1c3ccc4c5c6ccccc6c6ccccc6c5c5ccc6ccc(c21)c1c6c5c4c31 , Pnma ,1,1,1.51628480555,0.769314064115
89, QQQCIG32 , c1ccc(cc1)c1c2ccccc2c(c2ccccc2)c2c(c3ccccc3)c3ccccc3c(c3ccccc3)c12 , P-1 ,1,1,1.27378043306,0.6813522825149999
90, QQQCIG31 , c1ccc(cc1)c1c2ccccc2c(c2ccccc2)c2c(c3ccccc3)c3ccccc3c(c3ccccc3)c12 , P-1 ,1,1,1.26747039597,0.683822594993
91, QQQCIG30 , c1ccc(cc1)c1c2ccccc2c(c2ccccc2)c2c(c3ccccc3)c3ccccc3c(c3ccccc3)c12 , P-1 ,1,1,1.70053748051,0.8860939112489999
92, FUPGOO , c1ccc(cc1)c1c2ccccc2c2c3ccccc3c3c4ccccc4cc1c23 , P21/n ,0,0,1.37339987206,0.735785047757
93, SOTMIX , c1ccc2c(c1)c1ccccc1c1c2cc2cccc3c4ccccc4c1c23 , P21/c ,1,0,1.4144782492899999,0.7525916561310001
94, SIJHOK , c1cc2ccc3ccc(c4ccc(cc4)c4ccc(cc4)c4ccc5ccc6cccc7ccc4c5c67)c4ccc(c1)c2c34 , P-1 ,1,1,1.37059101358,0.7201281103720001
95, FAZJIZ11 , C1Cc2cccc3c2c(c2ccccc12)c1cccc2CCc4ccccc4c3c12 , P21/c ,1,1,1.32257143228,0.715840681058
96, FAZJIZ10 , C1Cc2cccc3c2c(c2ccccc12)c1cccc2CCc4ccccc4c3c12 , P21/c ,1,1,1.29173687042,0.71472117626
97, UKISOX01 , CC(C)(C)c1ccc(C=Cc2ccc3ccc4ccc5ccccc5c4c3c2)cc1 , P21/c ,1,0,1.2216903563700001,0.6898096221960001
98, LEZGEC01 , c1ccc(cc1)c1c2ccccc2c(c2ccccc2)c(c2ccccc2)c1c1ccccc1 , P21/c ,1,1,1.1599933780399998,0.630920886873
99, UKISOX02 , CC(C)(C)c1ccc(C=Cc2ccc3ccc4ccc5ccccc5c4c3c2)cc1 , P21/c ,1,0,1.2210458831200002,0.692650531287
100, ADETUA , Cc1cc2ccc(cc2cc1C)c1ccccc1 , P21/n ,0,0,1.27742616748,0.7265804048890001
101, OTUROM , Cc1cc2ccc3ccc4ccccc4c3c2c2c1ccc1ccccc21 , P21/c ,1,0,1.2618773369299998,0.6803321450309999
102, LEPPIF05 , c1ccc(cc1)C#Cc1c2ccccc2c(C#Cc2ccccc2)c2ccccc12 , Pbcn ,1,0,1.2655784586799999,0.7021936436149999
103, EZAYUA , C1c2ccccc2c2cccc3ccc4Cc5cccc1c5c4c23 , P21/c ,1,0,1.2719434894700001,0.681191357662
104, KEKULN10 , c1cc2cc3ccc4cc5ccc6cc7ccc8cc9ccc%10cc%11ccc%12cc1c1cc%12c%11cc%10c9cc8c7cc6c5cc4c3cc21 , C2/c ,1,0,1.45944789139,0.748725073553
105, LEPPIF , c1ccc(cc1)C#Cc1c2ccccc2c(C#Cc2ccccc2)c2ccccc12 , Pbcn ,1,0,1.2655784586799999,0.7021936436149999
106, KEGQIZ , CCCCCCc1ccc2c(c1)cc1c3ccccc3c3cc4cc(CCCCCC)ccc4c4ccc2c1c34 , P-1 ,1,1,1.24027497221,0.711654847615
107, EAFMUT , Cc1ccc2cc3ccc(C)c(c4ccccc4)c3cc2c1c1ccccc1 , P21 ,0,0,1.17976894502,0.6719142473280001
108, AGEWEQ , CCCCC#Cc1c2ccccc2c(C#CCCCC)c2c1c1c(C#CCCCC)c3ccccc3c(C#CCCCC)c21 , P-1 ,1,1,1.1548407265,0.6879070777249999
109, GEFFOP , CC(C=Cc1c2ccccc2cc2ccccc12)C1=CC=C2C=CC=CC=C12 , C2/c ,1,0,1.24606734892,0.698708400429
110, IFOMEY , CC(C)(C)c1cc2ccc3cc(cc4c3c2c(c1)c1ccc2ccc3ccccc3c2c41)C(C)(C)C , P21/c ,1,0,1.2185186358,0.684044982027
111, YUNYAJ , c1cc2ccc3c4cccc5c6cccc7ccc8c9cccc%10c(c1)c2c3c(c9%10)c(c45)c8c67 , P21/c ,1,0,1.52772303117,0.773566619057
112, DPANTR07 , c1ccc(cc1)c1c2ccccc2c(c2ccccc2)c2ccccc12 , C2/c ,1,0,1.46136749634,0.789025445372
113, DPANTR06 , c1ccc(cc1)c1c2ccccc2c(c2ccccc2)c2ccccc12 , C2/c ,1,0,1.3026067644,0.7116536094660001
114, DPANTR05 , c1ccc(cc1)c1c2ccccc2c(c2ccccc2)c2ccccc12 , C2/c ,1,1,1.26582858027,0.696084496279
115, DPANTR04 , c1ccc(cc1)c1c2ccccc2c(c2ccccc2)c2ccccc12 , C2/c ,1,0,1.2721929625,0.7013427703280001
116, VIGKEB , Cc1cc2c3ccccc3ccc2c2ccccc12 , Pna21 ,0,0,1.25447207842,0.700122406329
117, DPANTR01 , c1ccc(cc1)c1c2ccccc2c(c2ccccc2)c2ccccc12 , C2/c ,1,1,1.2368423104200001,0.68132862464
118, ROKYEW , c1ccc(cc1)c1ccc(cc1)c1cccc2ccccc12 , P21/c ,1,0,1.25250870441,0.6972862929889999
119, KIZRAM , C1c2ccccc2c2c1c1ccccc1c1Cc3ccccc3c21 , P212121 ,0,0,1.31741860915,0.726145249151
120, SUVXUE , Cc1ccc2c(c1)c(c1ccccc1)c1c3cc(cc4ccc5cc(cc(c5c34)c1c2c1ccccc1)C(C)(C)C)C(C)(C)C , P21/n ,0,0,1.18305080849,0.6599719314220001
121, YABBEL , c1ccc(cc1)c1cc(c2ccccc2)c2ccc3c(cc(c4ccccc4)c4ccc1c2c34)c1ccccc1 , P212121 ,0,0,1.24488892059,0.682710827996
122, CARRAO , CC(c1ccc2ccccc2c1)C(C)(C)C , P21 ,0,0,1.07743847622,0.662739597943
123, GEPPOJ , Cc1c2ccccc2c(C)c2c1c1ccc3c(ccc4c5c(C)c6ccccc6c(C)c5c34)c21 , P21/n ,0,0,1.34785562324,0.738634435963
124, FILBIL , C1C2CC3CC1CC(C2)(C3)c1ccc2cc3cc(ccc3cc2c1)C12CC3CC(CC(C3)C1)C2 , P21/a ,0,0,1.22120514957,0.674664289958
125, XECJIZ01 , c1ccc(cc1)c1c2ccccc2c(c2ccccc2)c2cc3ccccc3cc12 , P-1 ,1,1,1.29874925356,0.714329268293
126, JEHZIG , CC(c1ccccc1)c1cccc2ccccc12 , P21/a ,0,1,1.16037118894,0.671787523327
127, ENILAP , c1ccc(cc1)C(=Cc1ccc(cc1)c1ccc2ccc3cccc4ccc1c2c34)c1ccccc1 , P-1 ,1,1,1.2215522673499999,0.663862520458
128, TUPPOL , C(=CC=Cc1ccc2ccccc2c1)C=Cc1ccc2ccccc2c1 , P21 ,0,0,1.25507266171,0.705485544195
129, OVILOW , c1ccc(cc1)C1=C2c3cccc4cccc(c34)C2=C2C(=C3c4cccc5cccc(c45)C3=C12)c1ccccc1 , P21/n ,0,0,1.3769563572699999,0.728244728245
130, SIWFUZ10 , C1c2cc3cc4Cc4cc3cc12 , P21/n ,0,0,1.32919004766,0.747682173064
131, OKARIC , c1ccc2c(c1)c1ccc3c4ccccc4c4ccc2c1c34 , C2/c ,1,1,1.40240906738,0.745651669759
132, VIHCUN , CC(C1CCC2CCCCC12)c1ccc2ccccc2c1 , P21/c ,1,1,1.15163803281,0.6885974153669999
133, ICUQEF , CC(C)(C)c1cc2c3cc4ccccc4cc3cc3c4cc(cc5c6cc7ccccc7cc6cc(c(c1)c23)c45)C(C)(C)C , P-1 ,1,1,1.2766615862700001,0.6995701506409999
134, UWIQAU , CCCCc1ccc2c(c1)c1cc(CCCC)cc3c4ccc5c6ccc(CCCC)cc6c6cc(CCCC)cc7c8ccc2c(c13)c8c4c5c67 , P21/c ,1,0,1.26401660122,0.713373122042
135, ODIVAB , CCCCc1cc2ccc3c4ccc5cc(CCCC)cc6ccc(c7ccc(c1)c2c37)c4c56 , P-1 ,1,1,1.2842140208700001,0.708547266687
136, AKUSEG , Cc1ccc2c(c1)c1ccc3cccc4c3c1c1c2c2cccc3ccc5c6cc(C)ccc6c4c1c5c23 , P21/n ,0,0,1.42197300951,0.7422869667190001
137, DUWPER , CCCc1ccc(CCC)c2cc3cc4ccccc4cc3cc12 , P21/n ,0,0,1.2177092870000001,0.701801319779
138, NAPHTA33 , c1ccc2ccccc2c1 , P21/a ,0,0,1.2406708346700002,0.74689578714
139, NAPHTA32 , c1ccc2ccccc2c1 , P21/a ,0,0,1.24931261655,0.75229120473
140, NAPHTA31 , c1ccc2ccccc2c1 , P21/a ,0,0,1.25042839966,0.752697708795
141, NAPHTA30 , c1ccc2ccccc2c1 , P21/a ,0,0,1.2074417652299998,0.708130081301
142, KINQAZ , Cc1c(C)c(C)c2c(c3ccccc3)c3ccccc3c(c3ccccc3)c2c1C , P21/c ,1,0,1.20255227005,0.682005680034
143, NAPHTA36 , c1ccc2ccccc2c1 , P21/a ,0,0,1.18056334431,0.705050505051
144, NAPHTA35 , c1ccc2ccccc2c1 , P21/a ,0,0,1.2050840980500002,0.723946784922
145, NAPHTA34 , c1ccc2ccccc2c1 , P21/a ,0,0,1.22395484994,0.7355506282340001
146, GUQZUP , c1ccc2c(c1)c1c3ccccc3c3c4ccccc4c4c5ccccc5c5c6ccccc6c6c7ccccc7c2c2c1c3c4c5c62 , P21/c ,1,0,1.46166288082,0.742546082949
147, UCUYAV , Cc1ccccc1c1c2c(C)c(C)c(C)cc2c2cc(C)c(C)c(C)c2c1c1ccccc1C , P21/n ,0,0,1.2206867184,0.7042292292290001
148, JOKSIN , CCC1(CC)c2cc(c3ccccc3)c(c3ccccc3)c3c4ccccc4c4c(c5ccccc5)c(cc1c4c23)c1ccccc1 , C2/c ,1,0,1.2246317335299999,0.67639420625
149, SOBCIV , C1Cc2cc3c(c4ccccc4)c4c5cccc6cccc(c56)c4c(c4ccccc4)c3c3cccc1c23 , P21/c ,1,0,1.28167464646,0.691753995978
150, GICWUK , CCCc1c2c3cccc4cccc(c2c(CCC)c2c5cccc6cccc(c12)c56)c34 , C2/c ,1,1,1.24730633129,0.69316660129
151, HEZKOO , c1ccc2c(c1)ccc1ccc3c4ccccc4c4ccccc4c3c21 , P21/n ,0,0,1.3391668252700002,0.717118673186
152, NEJGUE , C1CC2CCC1c1c3cc4c(cc3c3C5CCC(CC5)c3c21)c1C2CCC(CC2)c1c1C2CCC(CC2)c41 , P-1 ,1,1,1.2133239466799999,0.668119879531
153, YABBAH , c1ccc(cc1)c1ccc(cc1)C#Cc1cc(C#Cc2ccc(cc2)c2ccccc2)c2ccc3c(cc(c4ccccc4)c4ccc1c2c34)c1ccccc1 , C2/c ,1,1,1.27112737196,0.7022518978460001
154, TEXGOV , C1Cc2cccc3c4ccccc4c(c4ccccc4)c(c4ccccc14)c23 , P212121 ,0,0,1.3049769312000001,0.7177500172779999
155, SIZLAQ , c1ccc(cc1)c1ccc(cc1)c1c2cc3ccccc3cc2c(c2ccc(cc2)c2ccccc2)c2cc3ccccc3cc12 , P21/n ,0,1,1.23485630896,0.66728475002
156, UVALAG , c1ccc2c(c1)c1ccccc1c1c3ccc4c5c6ccccc6c6ccccc6c5c5ccccc5c4c3c3ccccc3c21 , P21/c ,1,0,1.4196402383500002,0.742024315554
157, NEGJIV , Cc1cc(C)c(c(C)c1)C1=C2c3cc(c4ccc(cc4)C(C)(C)C)c4cccc5c4c3C(=C5c3c(C)cc(C)cc3C)c3cc(c4ccc(cc4)C(C)(C)C)c4cccc1c4c23 , P21/c ,1,0,1.19384838498,0.66864548495
158, GIJROI , c1ccc(cc1)c1ccc2c3ccc(c4ccccc4)c4c(ccc(c5cccc1c25)c34)c1ccccc1 , Pca21 ,0,0,1.36906527649,0.7325144703190001
159, QAYJIM , Cc1ccc2c(ccc3c2cc2ccccc2c3c2ccccc2)c1 , P21/c ,1,0,1.26065346216,0.6863950876680001
160, GUQZUP01 , c1ccc2c(c1)c1c3ccccc3c3c4ccccc4c4c5ccccc5c5c6ccccc6c6c7ccccc7c2c2c1c3c4c5c62 , Pbcn ,1,0,1.37018019352,0.6988950873549999
161, KIZRAM10 , C1c2ccccc2c2c1c1ccccc1c1Cc3ccccc3c21 , P212121 ,0,0,1.31741860915,0.726145249151
162, TICJEU , C1Cc2ccc3CCCc4ccc(C1)c2c34 , P21/c ,1,0,1.22551670897,0.697453562985
163, PERLEN08 , c1cc2cccc3c4cccc5cccc(c(c1)c23)c45 , P21/c ,1,0,1.37636146296,0.727435064935
164, EHUCIU01 , CCCCCCC#Cc1cc(C#CCCCCCC)c2ccc3c(cc(C#CCCCCCC)c4ccc1c2c34)C#CCCCCCC , P-1 ,1,1,1.10189499553,0.6730959302330001
165, EKEZAV , c1ccc(cc1)c1ccc(cc1)C12C3C4C1C1C2C3C41c1ccc2ccccc2c1 , P21 ,0,0,1.27576634496,0.691639007428
166, PERLEN01 , c1cc2cccc3c4cccc5cccc(c(c1)c23)c45 , P21/a ,0,0,1.36053511766,0.749552202184
167, ABECAL , c1ccc(cc1)c1ccc(cc1)c1cc2cc3cccc4cccc(c2c1)c34 , P21/n ,0,0,1.31800931142,0.7260749914
168, PUYMEC , Cc1ccc(cc1)C=Cc1c2ccccc2c(C=Cc2ccc(C)cc2)c2ccccc12 , P21/c ,1,1,1.19174308637,0.667386694938
169, PERLEN05 , c1cc2cccc3c4cccc5cccc(c(c1)c23)c45 , P21/c ,1,0,1.3883093021000001,0.743704212454
170, REJTIM , C1CC1c1c2ccccc2ccc1c1ccccc1 , Pbca ,1,0,1.23414458716,0.68619244385
171, QEFBAE , CC(C)(C)c1ccc2ccc3c4ccccc4ccc3c2c1 , P21/n ,0,0,1.1806603200599999,0.667947294469
172, KAYHUQ , C1=CC=C2C(=Cc3c4C=C5C=CC=CC=C5c4c4cc5ccccc5cc4c23)C=C1 , C2/c ,1,0,1.3463243305700001,0.733225466112
173, ANTCEN , c1ccc2cc3ccccc3cc2c1 , P21/a ,0,0,1.2452125323799998,0.733254742257
174, GABMAA , c1ccc2C3c4ccccc4c4c5ccccc5c5c6ccccc6C(c2c1)c5c34 , P21 ,0,0,1.43502476773,0.739288940508
175, SIVLUE , Cc1ccc(cc1)c1c2ccccc2c(c2ccc(C)cc2)c2c3ccccc3c3ccccc3c12 , Pccn ,1,0,1.24099184243,0.679378177878
176, DPANAP10 , C1Cc2ccc(c3ccccc3)c3c(ccc1c23)c1ccccc1 , P-1 ,1,1,1.2289656774200002,0.683539362394
177, DOGCEI , C1C(C(=Cc2c1ccc1ccccc21)C#Cc1cccc2ccccc12)c1cccc2ccccc12 , P21/n ,0,0,1.24265340688,0.6709532828279999
178, OBOHUL , Cc1ccc2cccc3c(c4ccc(cc4)C(C)(C)C)c4cc5c(cc4c1c23)c(c1ccc(cc1)C(C)(C)C)c1cccc2ccc(C)c5c12 , P-1 ,1,1,1.19719241798,0.667018345935
179, DIHDON , C1=Cc2ccc3C=CC=Cc4ccc(C=C1)c2c34 , P21/c ,1,0,1.2796539061499999,0.698438741097
180, TESGIK , Cc1ccc(cc1)c1c2ccccc2c(c2cccc3ccccc23)c2c3cccc4cccc(c34)c12 , P21/c ,1,0,1.2716122092,0.679956077873
181, IQABEI , CCCCCCCCc1ccc2c(c1)c1ccc3c4cc(CCCCCCCC)ccc4c4c5ccc(CCCCCCCC)cc5c5ccc6c7cc(CCCCCCCC)ccc7c2c2c1c3c4c5c62 , P-1 ,1,1,1.2036341535500001,0.7092337516580001
182, KECLAH , c1ccc(cc1)c1c2cc3c(cc2c(c2ccccc2)c2cc4c(cc12)c(c1ccccc1)c1c2cccc5ccc6cccc(c6c25)c1c4c1ccccc1)c(c1ccccc1)c1c2cccc4ccc5cccc(c5c24)c1c3c1ccccc1 , P21/n ,0,0,1.29343134151,0.680234893137
183, PIVCAZ , CCCc1c2cc3ccccc3cc2c(CCC)c2cc3ccccc3cc12 , P21/n ,0,0,1.23821616567,0.7191712312459999
184, FAQYOL , c1ccc(cc1)C1c2ccccc2c2c1c(c1ccccc1)c1ccccc1c2c1ccccc1 , I2/a ,0,1,1.222716502,0.663486127094
185, PEZPIU , c1ccc2cc(ccc2c1)c1ccc2ccccc2c1c1cc2cccc3cccc1c23 , P21/c ,1,0,1.25463549914,0.6690537819960001
186, WUSGUM , C1=CC=C2C(=CC3=C2c2cccc4cccc3c24)C=C1 , P21/a ,0,0,1.26496350381,0.686544412086
187, NAMYUV01 , CC#Cc1ccc2ccc3cccc4ccc1c2c34 , P21/n ,0,0,1.26476618169,0.6938537543340001
188, BINAPH24 , c1ccc2c(c1)cccc2c1cccc2ccccc12 , C2/c ,1,1,1.527517443,0.8291530501090001
189, BOXGAW01 , c1cc2ccc3cc4c5ccc6ccc7ccc8cccc9c8c7c6c5c9c5ccc6cc(c1)c2c3c6c45 , P21/a ,0,0,1.4877047885199999,0.761840029279
190, BINAPH22 , c1ccc2c(c1)cccc2c1cccc2ccccc12 , C2/c ,1,1,1.4311487806099998,0.793723770749
191, BINAPH23 , c1ccc2c(c1)cccc2c1cccc2ccccc12 , C2/c ,1,1,1.4947389825600002,0.8123241529620001
192, BINAPH20 , c1ccc2c(c1)cccc2c1cccc2ccccc12 , C2/c ,1,1,1.37171897861,0.7539081885860001
193, BINAPH21 , c1ccc2c(c1)cccc2c1cccc2ccccc12 , C2/c ,1,1,1.4219782637399998,0.7779267146879999
194, KOKQUW02 , CC(C)(C)c1ccc2cc(ccc2c1)C(C)(C)C , P21/c ,1,0,1.08552088425,0.671257976875
195, MHXHEL10 , Cc1ccc2ccc3ccc4ccc5ccc6ccccc6c5c4c3c2c1 , P212121 ,0,0,1.26073377766,0.697065372439
196, PHENAN13 , c1ccc2c(c1)ccc1ccccc21 , P21 ,0,0,1.20868442654,0.6974868717180001
197, PHENAN12 , c1ccc2c(c1)ccc1ccccc21 , P21 ,0,0,1.20868442654,0.696736684171
198, VEBJES , c1ccc(cc1)c1c2ccccc2c(c2ccccc2)c2cc3c(cc12)c(c1ccccc1)c1ccccc1c3c1ccccc1 , C2/c ,1,0,1.20150917324,0.65710414247
199, PHENAN14 , c1ccc2c(c1)ccc1ccccc21 , P21/n ,0,0,1.37063292229,0.753673292999
200, ZZZNNM02 , c1cc2cccc3C4C(C5C4c4cccc6cccc5c46)c(c1)c23 , P21/n ,0,0,1.31254098717,0.698098039216
201, ZZZNNM01 , c1cc2cccc3C4C(C5C4c4cccc6cccc5c46)c(c1)c23 , P21/n ,0,0,1.31448861051,0.7066666666670001
202, CIZCOE , CCCCCC#Cc1c2cc3ccccc3cc2c(C#CCCCCC)c2cc3ccccc3cc12 , P21/n ,0,1,1.1985427640700002,0.699007444169
203, FAZJIZ , C1Cc2cccc3c2c(c2ccccc12)c1cccc2CCc4ccccc4c3c12 , P21/c ,1,1,1.29173687042,0.71472117626
204, CIRREC , c1ccc2c(c1)ccc1cc3c4c(cccc4c4c3c3c5cccc6c7c(ccc8ccccc78)cc(c56)c3c3c5cccc6c7c(ccc8ccccc78)cc(c56)c43)c21 , P21/c ,1,0,1.43380561683,0.7376402588680001
205, APOVUX , C1c2ccccc2C=C1c1c2ccccc2c(C2=Cc3ccccc3C2)c2ccccc12 , P21/n ,0,0,1.27022149936,0.705691272011
206, LONBEX , Cc1cccc2c1ccc1c(C)cccc21 , P21/c ,1,0,1.27240791454,0.726448819997
207, REFWIK , c1ccc2c(c1)ccc1ccc(cc21)C#Cc1ccc2ccc3ccccc3c2c1 , P21/c ,1,0,1.33175047113,0.723372018053
208, QOQTEV , CC12CCCCC1(C)c1cccc3cccc2c13 , P212121 ,0,0,1.1476295167200001,0.669934082448
209, QIXWAW , c1ccc(cc1)C1=Cc2cccc3cccc(C1=C=C=C1C(=Cc4cccc5cccc1c45)c1ccccc1)c23 , P-1 ,1,1,1.31875459252,0.711436170213
210, NAMQEZ , CCC1(CC)c2c3ccccc3c3ccccc3c2c2c3ccccc3c3ccccc3c12 , Pcab ,0,1,1.2582668629,0.692897743143
211, OVIRER , c1ccc(cc1)c1ccc2c(ccc3ccc4ccc5cc(ccc5c4c23)c2ccccc2)c1 , C2/c ,1,1,1.30063539427,0.707993342264
212, NAPANT , c1cc2cccc3c2c(c1)c1cccc2c1c3c1cccc3c4cccc5cccc(c45)c2c13 , P21 ,0,1,1.35634858694,0.663474702381
213, IJUBOG , C1CC2(CC=CC=C12)c1ccc2ccc3cccc4ccc1c2c34 , P21/n ,0,0,1.23910951424,0.6693061734610001
214, PHNAPH01 , c1ccc2c(c1)c1c3ccccc3c3c4ccccc4c4c5ccccc5c2c4c13 , P21/n ,0,0,1.38732044384,0.7208667875329999
215, UCEWAB , c1ccc(cc1)C=Cc1ccc2ccc3cccc4ccc1c2c34 , P21/c ,1,0,1.27677154912,0.692574530732
216, CRYSEN , c1ccc2c(c1)ccc1c3ccccc3ccc21 , I2/c ,0,0,1.29049081158,0.715265430531
217, XAYFOS01 , C=Cc1c2ccccc2cc2ccccc12 , P21/c ,1,0,1.2686261925700002,0.7270771233769999
218, KEQKUN , C1CC21c1cc(ccc1c1ccc(cc21)c1cccc2ccccc12)c1cccc2ccccc12 , Pca21 ,0,0,1.2525886101200001,0.6800119676999999
219, MEBANT10 , Cc1c2ccccc2cc2ccc3ccccc3c12 , P21 ,0,0,1.27122223448,0.710781927066
220, UCUYOJ , Cc1cccc(c1)c1c2c(C)c(C)c(C)cc2c2cc(C)c(C)c(C)c2c1c1cccc(C)c1 , P212121 ,0,0,1.2013468173200001,0.6941724737039999
221, NAMYUV , CC#Cc1ccc2ccc3cccc4ccc1c2c34 , P21/n ,0,0,1.26666827441,0.692699990794
222, DMBZAN11 , Cc1cccc2ccc3cc4ccccc4c(C)c3c12 , P21 ,0,0,1.2256744768999999,0.689335548173
223, DMBZAN10 , Cc1cccc2ccc3cc4ccccc4c(C)c3c12 , P21 ,0,0,1.2248841058,0.707951273533
224, ISIMEE , C1c2ccc3ccc4ccccc4c3c2c2c1ccc1ccc3ccccc3c21 , P212121 ,0,0,1.29535796019,0.691040552257
225, DPANTR , c1ccc(cc1)c1c2ccccc2c(c2ccccc2)c2ccccc12 , C2/c ,1,0,1.2301846605,0.677682901117
226, PYRPYR11 , c1cc2ccc3cccc4c3c2c(c1)c1c2cccc3ccc5cccc(c5c23)c41 , P21/n ,0,0,1.42164914554,0.7352121562649999
227, TAYGIJ , C1c2ccccc2c2cc3ccccc3c(c3ccccc3)c2c2ccccc12 , P21/c ,1,1,1.2361607606799998,0.664407702782
228, XOCMAE , C1CCc2c(C1)c1CCCCc1c1cc3ccccc3cc21 , C2/c ,1,1,1.24993465297,0.714777506444
229, YUNYUD , CC(C)(C)c1cc2c3cccc4ccc5c6cc(cc7c8cccc9ccc%10c(c1)c2c(c5c34)c(c67)c%10c89)C(C)(C)C , C2/c ,1,0,1.2987273504999999,0.6959929319149999
230, DMNAPH04 , Cc1cccc2cccc(C)c12 , P21/c ,1,0,1.15431698551,0.7077133498899999
231, DMNAPH05 , Cc1cccc2cccc(C)c12 , P21/c ,1,0,1.14451306265,0.7027750782850001
232, DMNAPH02 , Cc1cccc2cccc(C)c12 , P21/c ,1,0,1.1710819692299999,0.72163553252
233, DMNAPH03 , Cc1cccc2cccc(C)c12 , P21/c ,1,0,1.1637377309499999,0.7160925745960001
234, CUYYUS , CC(C)(C)c1cc2ccc3cc(cc4c3c2c(c1)c1ccc2c3ccccc3ccc2c41)C(C)(C)C , P21/c ,1,0,1.21813060135,0.6772853016060001
235, WEVVIC , Cc1ccc(C)c2c1ccc1c3CCc4ccc(CCc(cc3)c21)cc4 , P21/n ,0,0,1.22825820518,0.688187890541
236, YIWMIC , Cc1cc(C#Cc2cccc3ccccc23)c(cc1C)C#Cc1cccc2ccccc12 , P-1 ,1,1,1.21393544224,0.673071922617
237, NERYIT , C1CC(=CCC1c1ccccc1)c1cccc2ccccc12 , P21/c ,1,0,1.15718379554,0.649078459546
238, SETTES , c1ccc2c(c1)c1ccc3c4ccccc4c4c5ccccc5c5ccc6c7ccccc7c2c2c1c3c4c5c62 , P21/n ,0,0,1.51493526465,0.779668423784
239, RUZHEB , c1ccc(cc1)c1cc(c2ccccc2)c2c3cccc4cccc(c34)c2c1c1ccccc1 , P21/c ,1,1,1.2856203922799998,0.694364521662
240, TBZPER , c1ccc2c(c1)c1cccc3ccc4c5c6ccccc6c6cccc7ccc(c2c4c13)c5c67 , Pcab ,0,1,1.3894555818599998,0.727087638729
241, BEFJUT , CCC1C(CC)c2c1ccc1cc(C)c(C)cc21 , P-1 ,1,1,1.1223813689,0.6766409266410001
242, NEGJOB , Cc1cc(C)c(c(C)c1)C1=C2C=C3C(=CC4=C(c5cccc6c(cc3c4c56)c3ccc(cc3)C(C)(C)C)c3c(C)cc(C)cc3C)c3cc(c4ccc(cc4)C(C)(C)C)c4cccc1c4c23 , P21/c ,1,0,1.21339491402,0.6862418576029999
243, MOKQAE , CCc1c(CC)c(CC)c2cc3c(CC)c(CC)c(CC)c(CC)c3cc2c1CC , P21/c ,1,1,1.08826570749,0.659354159354
244, HAQHIQ , CCC1=C2CCCCC2=C(CC)Cc2cccc3cccc(C1)c23 , C2/c ,1,1,1.1393598199600001,0.677225725095
245, PAWVOB , CCCCc1cc2cc3c(cc2cc1CCCC)c1cc2cc(CCCC)c(CCCC)cc2cc31 , P-1 ,1,1,1.19397535389,0.7175063262019999
246, RABWUP , C#CC(=Cc1ccc2ccccc2c1)c1ccccc1 , P21 ,0,0,1.2470613699600002,0.706858054226
247, QOKKOS , C#Cc1cccc2cc3c(cccc3C#C)cc12 , P21/c ,1,0,1.27333794248,0.711362041467
248, MIVFED , C1CC#Cc2ccc(C#CCCC#Cc3ccc(C#C1)c1ccccc31)c1ccccc21 , Pca21 ,0,0,1.25397008029,0.691722290564
249, ZUDBAB , C(C=Cc1c2ccccc2cc2ccccc12)c1cccc2ccccc12 , P21/n ,0,0,1.2170589387200001,0.684067611427
250, RELGUM , Cc1ccc(cc1)c1cccc2cccc(C)c12 , P21/c ,1,0,1.15522476379,0.658084134767
251, QEFLAO , Cc1ccc(C)c2c1ccc1ccc3ccccc3c21 , P21 ,0,0,1.26547534502,0.7317350088179999
252, YOSZAJ , c1ccc(cc1)c1c2cc3ccccc3c3c4c(ccc5ccccc45)cc(c1c1ccccc1)c23 , Pbca ,1,0,1.27515794931,0.683664658635
253, VUFHOU , c1ccc2c(c1)c1cc3cc4c5ccccc5c5c6c7ccccc7c7cc8cc2c1c1c3c(c45)c(c81)c67 , Pmn21 ,0,1,1.52916918245,0.762236252766
254, GIDROC , c1cc2cc3ccc4cc5ccc6cc7ccc8cc9ccc%10cc%11ccc%12cc%13ccc%14cc1c1cc%14c%13cc%12c%11cc%10c9cc8c7cc6c5cc4c3cc21 , Pnma ,1,0,1.44106595164,0.739196929692
255, DUPHAX , c1ccc2c(c1)cc1c3ccccc3c3c4ccc5cccc6c7ccc8cccc9c%10cc2c1c3c%10c(c7c89)c4c56 , P21nb ,0,0,1.46664579638,0.754514928459
256, EQEBUZ , c1ccc2c(c1)ccc1c3ccccc3c3ccc4ccccc4c3c21 , P21/n ,0,0,1.32446768281,0.700009387027
257, TIHPOQ , Cc1cc2c3ccccc3C(C)(C)c2c2ccccc12 , Pca21 ,0,0,1.19010831079,0.668384992558
258, SULNUK , C1Cc2cc3ccc4ccccc4c3c3cccc1c23 , P21/n ,0,0,1.28382986874,0.690817274815
259, CENYEZ , c1cc2ccc3cc(cc4ccc(c1)c2c34)c1cccc2cccc(c3cc4ccc5cccc6ccc(c3)c4c56)c12 , P21/n ,0,1,1.32190911317,0.708362896741
260, YOSYUC , c1ccc(cc1)c1c2cccc3c4ccccc4cc(c1c1ccccc1)c23 , P-1 ,1,1,1.32426701338,0.713992681206
261, XAHTAB , c1cc2cccc3c4ccc(cc4)c4ccc(cc4)c4cccc5cccc(c6ccc(cc6)c6ccc(cc6)c(c1)c23)c45 , Pbca ,1,0,1.2836703597,0.692097107438
262, IQABAE , c1ccc(cc1)c1c2ccccc2c2ccc3c4ccccc4c(c4ccccc4)c4c5ccccc5c1c2c34 , C2/c ,1,0,1.33542338845,0.7026248290009999
263, KAQLEV , c1ccc2cc3c(cc2c1)c1ccccc1c1c2ccccc2c2ccccc2c31 , P-1 ,1,1,1.4033038349200002,0.7466114585089999
264, OMNAPH02 , Cc1c(C)c(C)c2c(C)c(C)c(C)c(C)c2c1C , Pbcn ,1,1,1.15098198312,0.696315336534
265, SUQLAS , c1ccc(cc1)C=Cc1c2ccccc2c(C=Cc2ccccc2)c2ccccc12 , P21/n ,0,1,1.23379991941,0.683360042735
266, SUJTAU , c1ccc(cc1)C1c2ccccc2c2ccc3ccccc3c12 , P21 ,0,0,1.28368576283,0.710590383445
267, TEYGOW , c1ccc2cc(ccc2c1)C#Cc1ccc2ccccc2c1 , Cc ,0,0,1.25913873115,0.702127324299
268, DBPERY , c1ccc2c(c1)cc1c3cccc4c5ccccc5cc(c5cccc2c15)c34 , A2/a ,0,0,1.38756983324,0.7443928897900001
269, KIMLEZ , CCCc1ccc(cc1)C#Cc1cc(C#Cc2ccc(CCC)cc2)c2ccc3c(cc(C#Cc4ccc(CCC)cc4)c4ccc1c2c34)C#Cc1ccc(CCC)cc1 , P21/c ,1,0,1.19233250376,0.682981418919
270, KEQKUN01 , C1CC21c1cc(ccc1c1ccc(cc21)c1cccc2ccccc12)c1cccc2ccccc12 , Pca21 ,0,0,1.2525886101200001,0.679084799705
271, WIWZEI , CC(C)(C)c1c2Cc3ccccc3c2c(c2ccccc2)c2c3ccccc3ccc12 , P21/n ,0,1,1.20681879346,0.667211454514
272, HIGNIV , CCCCc1ccc(CCCC)c2cc3cc4c(CCCC)ccc(CCCC)c4cc3cc12 , C2/c ,1,0,1.11543966987,0.689140238042
273, NUMCAA , c1ccc2cc(ccc2c1)C#Cc1c2ccccc2c(C#Cc2ccc3ccccc3c2)c2ccccc12 , P21/c ,1,0,1.24440727288,0.6768975681649999
274, QOLTOC , c1ccc(cc1)C(c1ccccc1)=C(c1ccc2ccccc2c1)c1ccc2ccccc2c1 , I41/a ,1,0,1.17221746254,0.641785926718
275, OJOZOD , c1ccc(cc1)c1ccc(cc1)c1cccc2cccc(c3ccc(cc3)c3ccccc3)c12 , P21/n ,0,0,1.27814215894,0.7046302116069999
276, NAMQOJ , CC1(C)c2c3ccccc3c3ccccc3c2c2c3ccccc3c3ccccc3c12 , I4 ,0,0,1.19037250881,0.643778504463
277, LEYVIX , c1ccc(cc1)c1c2ccc3cccc4c5cccc6ccc(c1c1ccccc1)c(c56)c2c34 , P21/c ,1,1,1.2812856923,0.666589465558
278, CUCJIT , c1ccc2c(c1)cccc2C=Cc1cccc2ccccc12 , B112/b ,0,0,1.22238533381,0.6875599520379999
279, QUATER10 , c1cc2cccc3c4ccc5c6ccc7c8cccc9cccc(c%10ccc(c%11ccc(c(c1)c23)c4c5%11)c6c7%10)c89 , P21/a ,0,0,1.4837473759200002,0.76680030546
280, BNPYRE11 , c1ccc2c(c1)cc1ccc3cccc4ccc2c1c34 , P21/c ,1,0,1.33336991217,0.711295408835
281, BNPYRE10 , c1ccc2c(c1)cc1ccc3cccc4ccc2c1c34 , P21/c ,1,0,1.3529173904499998,0.7328117947949999
282, BNPYRE12 , c1ccc2c(c1)cc1ccc3cccc4ccc2c1c34 , P21/c ,1,0,1.38383997524,0.747210240358
283, LENNEX , C1CC2CCC1c1c3C4CCC(CC4)c3c3c4C5CCC(CC5)c4c4C5CCC(CC5)c4c3c21 , P-1 ,1,1,1.26516900566,0.700938482704
284, KEDQUI , c1ccc2cc3c4cccc5c4c4c(cccc4c4c6cccc7c8cc9ccccc9cc8c8cccc(c8c67)c54)c3cc2c1 , C2/c ,1,1,1.4337330956299998,0.734682291667
285, QQQCIG08 , c1ccc(cc1)c1c2ccccc2c(c2ccccc2)c2c(c3ccccc3)c3ccccc3c(c3ccccc3)c12 , Cmca ,1,1,1.2809313412899999,0.7006344307269999
286, QQQCIG09 , c1ccc(cc1)c1c2ccccc2c(c2ccccc2)c2c(c3ccccc3)c3ccccc3c(c3ccccc3)c12 , Cmca ,1,1,1.28170653873,0.698108139003
287, QQQCIG06 , c1ccc(cc1)c1c2ccccc2c(c2ccccc2)c2c(c3ccccc3)c3ccccc3c(c3ccccc3)c12 , Cmca ,1,1,1.29294973107,0.706248848351
288, QQQCIG07 , c1ccc(cc1)c1c2ccccc2c(c2ccccc2)c2c(c3ccccc3)c3ccccc3c(c3ccccc3)c12 , Cmca ,1,1,1.28373765895,0.701566072245
289, QQQCIG04 , c1ccc(cc1)c1c2ccccc2c(c2ccccc2)c2c(c3ccccc3)c3ccccc3c(c3ccccc3)c12 , Cmca ,1,1,1.29618630735,0.709968675143
290, QQQCIG05 , c1ccc(cc1)c1c2ccccc2c(c2ccccc2)c2c(c3ccccc3)c3ccccc3c(c3ccccc3)c12 , Cmca ,1,1,1.29246101929,0.707792058227
291, QQQCIG01 , c1ccc(cc1)c1c2ccccc2c(c2ccccc2)c2c(c3ccccc3)c3ccccc3c(c3ccccc3)c12 , Bbam ,0,1,1.26864744292,0.696741642708
292, ICUPUU , CC(C)(C)c1cc2c3ccccc3cc3c4cc(cc5c6ccccc6cc(c(c1)c23)c45)C(C)(C)C , P21/c ,1,1,1.26928678374,0.707850609756
293, NAPANT01 , c1cc2cccc3c2c(c1)c1cccc2c1c3c1cccc3c4cccc5cccc(c45)c2c13 , P21 ,0,0,1.41386387963,0.728295454545
294, TUFWUO , c1ccc2cc(ccc2c1)C#Cc1cccc2cc3ccccc3cc12 , Cc ,0,0,1.23969090189,0.6742537804080001
295, GEPPUP , Cc1c2ccccc2c(C)c2c1c1ccc3cc4c(cc3c21)c1c(C)c2ccccc2c(C)c41 , P21/c ,1,0,1.30007642127,0.712028061224
296, GEGQUF , c1ccc(cc1)c1c2cccc3c4ccccc4c(c23)c2c(c3ccccc3)c3cccc4c5ccccc5c(c34)c12 , P-1 ,1,1,1.4021275797100001,0.742848258706
297, BEHXOB , Cc1c2c3cccc4cccc(c34)c2c(c2ccccc2)c2c3cccc4cccc(c34)c12 , P-1 ,1,1,1.27380609983,0.6831629843449999
298, CEBJUR , Cc1ccc2c3c1cccc3c1c3ccccc3c3c4c5ccccc5c(C)cc4c4c5ccccc5c2c1c34 , P21/c ,1,0,1.4462857493,0.7539780436660001
299, KEPPOK , CC(C)CCCC(C)C1(C)CCc2c3ccc4ccccc4c3ccc12 , C2 ,0,1,1.06605525502,0.640808415184
300, CIVMOJ10 , CC(C)(C)c1c2ccccc2cc2ccccc12 , P21/c ,1,0,1.19613137027,0.729305205228
301, FUBKOE , C(CCC#Cc1cc2ccccc2c2ccccc12)CC#Cc1cc2ccccc2c2ccccc12 , Pna21 ,0,0,1.2214104055,0.680847980848
302, ZZZOYC01 , c1ccc2c(c1)ccc1c2ccc2c3ccccc3ccc12 , P21 ,0,0,1.31071597031,0.721680420105
303, UNASIM , c1ccc(cc1)C(c1ccccc1)=C(c1ccccc1)c1ccc(cc1)c1c2ccccc2cc2ccccc12 , P-1 ,1,1,1.20917389963,0.662807430665
304, ZZZOYC03 , c1ccc2c(c1)ccc1c2ccc2c3ccccc3ccc12 , P21 ,0,0,1.34611210845,0.7279135960459999
305, ZZZOYC02 , c1ccc2c(c1)ccc1c2ccc2c3ccccc3ccc12 , P21 ,0,0,1.35780107965,0.723811816494
306, SAPTUZ , CCc1c(CC)c(CC)c2c3cccc4cccc(c2c1CC)c34 , Aba2 ,0,0,1.17048022616,0.687229085154
307, WUXMUZ , CC(C)(C)c1ccc(cc1)c1cc(c2ccc(cc2)C(C)(C)C)c2ccc3c(cc(c4ccc(cc4)C(C)(C)C)c4ccc1c2c34)c1ccc(cc1)C(C)(C)C , Pcab ,0,0,1.14609061776,0.664627363737
308, YOSYUC01 , c1ccc(cc1)c1c2cccc3c4ccccc4cc(c1c1ccccc1)c23 , P21/c ,1,0,1.26828495607,0.700418340027
309, TAYFOO , c1ccc(cc1)C#CC1=C(C#Cc2ccccc2)c2cccc3cccc1c23 , P21/a ,0,0,1.2098670898700001,0.664509567514
310, ENILET , c1ccc(cc1)C(=Cc1ccc(cc1)c1cc(c2ccc(cc2)C=C(c2ccccc2)c2ccccc2)c2ccc3c(cc(c4ccc(cc4)C=C(c4ccccc4)c4ccccc4)c4ccc1c2c34)c1ccc(cc1)C=C(c1ccccc1)c1ccccc1)c1ccccc1 , P-1 ,1,1,1.18599356634,0.646973591541
311, ROPXIF , c1ccc2c(c1)cc1cccc3cc4c(cc5cccc6cc7ccccc7c4c56)c2c13 , Pbca ,1,0,1.3858200740600002,0.723688640632
312, ODIVIJ , c1ccc(cc1)c1cc2ccc3c4ccc5cc(cc6ccc(c7ccc(c1)c2c37)c4c56)c1ccccc1 , Pcab ,0,0,1.30743853178,0.695704134367
313, IGAPOY , Cc1ccc2c3ccc(C)c4c5cc(C)ccc5c5ccc(C)c(c2c1)c5c34 , P21/c ,1,0,1.33095072376,0.732873030967
314, PERLEN06 , c1cc2cccc3c4cccc5cccc(c(c1)c23)c45 , P21/c ,1,0,1.3944325030899998,0.7652305366590001
315, WEKMUV , C1c2c3ccccc3c3ccccc3c2c2c1c1ccccc1c1ccccc21 , P2/c ,1,0,1.3518585241999999,0.7287358698649999
316, MCHLAN20 , Cc1ccc2cc3c(ccc4ccccc34)c3CCc1c23 , P21/c ,1,0,1.2786902415399999,0.715054302423
317, GUMZUK , CCCc1ccc(CCC)c2cc3cc4c(CCC)ccc(CCC)c4cc3cc12 , P-1 ,1,1,1.16450283218,0.70455707856
318, BNPERY02 , c1cc2ccc3ccc4ccc5cccc6c(c1)c2c3c4c56 , P21/c ,1,0,1.36232875878,0.727242937853
319, BNPERY03 , c1cc2ccc3ccc4ccc5cccc6c(c1)c2c3c4c56 , P21/c ,1,0,1.3989193434399998,0.724394319131
320, HAJJOT , Cc1cc(C)c2ccc3c(C)cc(C)c4ccc1c2c34 , P21/c ,1,1,1.28379841029,0.729059490832
321, DUPXOD01 , c1ccc(cc1)c1cc2cc(cc3cc(cc(c1)c23)c1ccccc1)c1ccccc1 , Ia-3 ,1,0,1.2280984819299998,0.683679455161
322, IDAKII , C1CCc2c(C1)ccc1ccc3ccc4CCCCc4c3c21 , Pna21 ,0,0,1.2533876774400001,0.7145115059360001
323, SESPEL , c1cc2ccc3cccc4c3c2c(c1)C4=C1c2cccc3ccc4cccc1c4c23 , P21/c ,1,0,1.38267789044,0.728343465046
324, KOKQUW , CC(C)(C)c1ccc2cc(ccc2c1)C(C)(C)C , P21/c ,1,0,1.0615102644299999,0.659463364293
325, LEZRUF , c1ccc(cc1)c1c(c2ccccc2)c2c(ccc3c4ccccc4c23)c2ccc3c4ccccc4c3c12 , C2/c ,1,1,1.28386499924,0.683341765748
326, PYRENE09 , c1cc2ccc3cccc4ccc(c1)c2c34 , P21/a ,0,0,1.40576082299,0.7545145330859999
327, POPWAS , c1cc2ccc3cc4C=Cc5cc6ccc1c1c2c3c(c45)c61 , Pbca ,1,0,1.40889178961,0.7154817291850001
328, PYRENE01 , c1cc2ccc3cccc4ccc(c1)c2c34 , P21/a ,0,0,1.2763191167799999,0.6965629011319999
329, PYRENE03 , c1cc2ccc3cccc4ccc(c1)c2c34 , P21/a ,0,0,1.31331289323,0.7143161612469999
330, PYRENE02 , c1cc2ccc3cccc4ccc(c1)c2c34 , P21/a ,0,0,1.2759054437700001,0.70729083751
331, TEBNAP , c1ccc2c(c1)c1ccccc1c1c3ccccc3c3ccccc3c21 , P21/n ,0,0,1.32202705375,0.716503487916
332, VEBJAO , c1ccc(cc1)c1c2cc3c(cc2c(c2ccccc2)c2cc4c(cc12)c(c1ccccc1)c(c1ccccc1)c(c1ccccc1)c4c1ccccc1)c(c1ccccc1)c(c1ccccc1)c(c1ccccc1)c3c1ccccc1 , C2/c ,1,0,1.24165955421,0.676853301956
333, PYRENE07 , c1cc2ccc3cccc4ccc(c1)c2c34 , P21/a ,0,0,1.32186003693,0.712734556188
334, VASWOE , c1ccc(cc1)c1cc2ccc3ccc4cc(c5ccccc5)c5ccccc5c4c3c2c2ccccc12 , P-1 ,1,1,1.27585409265,0.684805988372
335, XITNUK , Cc1ccc(C)c2cc3c(C)ccc(C)c3cc12 , P21/c ,1,1,1.20303758697,0.706383467279
336, NAPHTA04 , c1ccc2ccccc2c1 , P21/a ,0,0,1.2368647376000002,0.720879526977
337, DEFTUG , C1c2ccc3Cc4cc5c6ccccc6c6cc7ccc1c1c2c3c4c(c71)c56 , Pna21 ,0,0,1.42552752579,0.72786628734
338, RUNZEH , c1ccc(cc1)c1cccc2c1ccc1ccc3c(cccc3c21)c1ccccc1 , P-1 ,1,1,1.29429962053,0.705853174603
339, NAPHTA20 , c1ccc2ccccc2c1 , P21/a ,0,0,1.27541898856,0.731860465116
340, VAWBEC , c1ccc2c(c1)cccc2c1ccc2c3ccccc3c3cccc1c23 , P21/a ,0,0,1.31100648479,0.704351600242
341, ARAGOQ , CCCCc1c2cc(C)c(C)cc2c(c2ccccc2)c2c3cccc4cccc(c34)c12 , P-1 ,1,1,1.20521023331,0.6754000914489999
342, REGXUY , C1c2ccccc2Cc2cc3ccccc3cc12 , P212121 ,0,0,1.29692490822,0.72449033311
343, NAPHTA21 , c1ccc2ccccc2c1 , P21/a ,0,0,1.32838401826,0.762441860465
344, YIWKAQ , CC(C)(C)c1cc2CCc3ccc4cc(CCc5cc(cc6c5Cc2c6c1)C(C)(C)C)ccc4c3 , P21/n ,0,0,1.13081520305,0.6602515035540001
345, NAPHTA22 , c1ccc2ccccc2c1 , P21/a ,0,0,1.40153396213,0.802787251063
346, BONJOD , C1Cc2ccc(cc2)c2cccc3cccc(c4ccc1cc4)c23 , P212121 ,0,0,1.26342856967,0.696572064014
347, DBPHEN02 , c1ccc2c(c1)ccc1ccc3ccc4ccccc4c3c21 , P21/c ,1,0,1.28537125437,0.697737942808
348, GUNBAT , CCCCCc1ccc(CCCCC)c2cc3cc4c(CCCCC)ccc(CCCCC)c4cc3cc12 , P-1 ,1,1,1.09244460717,0.679467333492
349, BOBNAJ , c1ccc(cc1)c1cccc2ccc3cccc(c4ccccc4)c3c12 , P21/n ,0,0,1.26940175616,0.6984126984129999
350, DUPXOD , c1ccc(cc1)c1cc2cc(cc3cc(cc(c1)c23)c1ccccc1)c1ccccc1 , Ia-3 ,1,0,1.2678371907100001,0.702819805354
351, UKISOX , CC(C)(C)c1ccc(C=Cc2ccc3ccc4ccc5ccccc5c4c3c2)cc1 , P21/c ,1,0,1.2216903563700001,0.689817001181
352, KAQLAR , Cc1cc(C)c(c(C)c1)c1cc2cccc3ccc4cccc1c4c23 , P21/c ,1,0,1.20668309942,0.668828960155
353, PAZLUZ , CC(C)c1cccc2c(cccc12)C(C)C , P21/c ,1,0,1.15469105717,0.70130949383
354, NAMZIK , CC#Cc1cc2ccccc2c2ccccc12 , P212121 ,0,0,1.2204232175299998,0.684960784314
355, HAGFUT , c1ccc(cc1)c1ccc2ccccc2c1c1cccc2ccccc12 , Pna21 ,0,0,1.2416610278,0.682025113592
356, ICIZUP , c1ccc(cc1)c1c2cc3c4cccc5cccc(c3cc2c(c2ccccc2)c2c3cccc6cccc(c36)c12)c45 , P21/n ,0,0,1.2824206309100001,0.676761522078
357, HBZCOR01 , c1cc2c3cccc4c5cccc6c7cccc8c9cccc%10c%11cccc%12c(c1)c2c1c(c34)c(c56)c(c78)c(c9%10)c1c%11%12 , P21/a ,0,0,1.5408035709099999,0.769841572819
358, KAGGIK , CCCCc1c2cccc3cccc(c23)c2c(CCCC)c3cccc4cccc(c34)c12 , P-1 ,1,1,1.24651366341,0.701702508961
359, NAPHTA29 , c1ccc2ccccc2c1 , P21/a ,0,0,1.2180535676100002,0.714708056171
360, FUPHIJ , c1ccc2c(c1)c1c3ccccc3C34c5ccccc5C5(c6ccccc6c2c5c13)c1ccccc41 , P21/n ,0,0,1.3413312729200002,0.7000420168070001
361, SINFOK , C1=Cc2cccc3ccc4cccc(C=C1)c4c23 , P21/n ,0,0,1.2695506082799999,0.699549339549
362, CADMIE , CC(C)(C)C#Cc1c2cc3ccccc3cc2c(C#CC(C)(C)C)c2cc3ccccc3cc12 , C2/c ,1,0,1.14226303678,0.65149283706
363, XOZQOT , C1c2ccc3Cc4ccc5Cc6ccc1c1c2c3c4c5c61 , R3c ,0,1,1.42592335972,0.736412727484
364, KUZXUA , c1ccc2c(c1)c1ccc3ccc4ccc5ccc6c7ccccc7c2c2c1c3c4c5c62 , P21 ,0,0,1.4795180368799998,0.7523710150830001
365, ASUBAS , c1ccc(cc1)c1cc2ccc3cc(cc4ccc(c1)c2c34)c1ccccc1 , Pbca ,1,0,1.29715209795,0.704637243099
366, ANTCEN14 , c1ccc2cc3ccccc3cc2c1 , P21/a ,0,0,1.25095505025,0.701264601865
367, SEQDUN , CC1(C)c2ccccc2C(c2ccccc12)=C1c2cc3ccccc3cc12 , Pbca ,1,0,1.22021923983,0.676886238594
368, TAVHEE02 , C1c2ccc3Cc4ccc5Cc6ccc1c1c2c3c4c5c61 , R3c ,0,1,1.4602409002899999,0.7742281745880001
369, DITBEN , c1ccc2c(c1)cc1ccccc1c2C#Cc1c2ccccc2cc2ccccc12 , P21/c ,1,0,1.31297035482,0.719039825423
370, PICFEO01 , C#Cc1ccc2ccc3ccc4ccc5ccc6ccc(cc6c5c4c3c2c1)C#C , P21 ,0,0,1.2982101262,0.693966693967
371, FEKTUM , CC(C)(C)c1ccc2cc3cc(ccc3cc2c1)C(C)(C)C , P21/c ,1,0,1.15476280457,0.685334528076
372, VUFHAG , c1ccc2c(c1)c1cc3ccc4ccc5cc6c7ccccc7c7c2c1c1c3c4c5c1c67 , Pnma ,1,0,1.5008725819100002,0.77061045235
373, NAPHTA15 , c1ccc2ccccc2c1 , P21/c ,1,0,1.24303696488,0.739552845528
374, CISFOZ , C1CC2C(C=C1)C1C2c2cccc3ccc4cccc1c4c23 , P21/a ,0,0,1.2823214177700002,0.7084759687800001
375, TETLUA , CC(C)(C)c1cc2CCc3cc(cc(c1)c23)C(C)(C)C , P-1 ,1,1,1.0509092944399998,0.635482142857
376, TAVHEE , C1c2ccc3Cc4ccc5Cc6ccc1c1c2c3c4c5c61 , R3c ,0,1,1.4257903755,0.7374811035529999
377, SIVKEN , c1ccc(cc1)c1c2ccccc2c(c2ccccc2)c2c3ccccc3c3ccccc3c12 , P21/c ,1,0,1.25844389919,0.680199768079
378, DACXIQ , Cc1ccc2cc(C)c3ccccc3c2c1 , P21/n ,0,1,1.2490371168899999,0.7139012846520001
379, BEKJAE , C#CC(C(C#C)c1ccc2ccccc2c1)c1ccc2ccccc2c1 , Pca21 ,0,0,1.2370657575,0.701430315716
380, KUZYAH , c1ccc2c(c1)ccc1c2c2ccc3ccc4ccc5ccc6c7c8ccccc8ccc7c1c1c2c3c4c5c61 , C2/c ,1,1,1.4561244056799998,0.7464539369300001
381, UNASEI , c1ccc(cc1)C(c1ccccc1)=C(c1ccccc1)c1ccc(cc1)c1ccc2ccc3cccc4ccc1c2c34 , I2/a ,0,1,1.24585656636,0.67629456154
382, KINLAU , Cc1cc2ccccc2c2c1Cc1cc3ccccc3cc21 , P21/n ,0,0,1.2650119903100001,0.691970064725
383, CRYSEN02 , c1ccc2c(c1)ccc1c3ccccc3ccc21 , C2/c ,1,0,1.3318683544299998,0.733284824966
384, FEWWEJ , Cc1cccc2ccc3cccc(C)c3c12 , P21 ,0,0,1.19583106739,0.692653576582
385, TRIPHE , c1ccc2c(c1)c1ccccc1c1ccccc21 , P212121 ,0,0,1.30834862199,0.7400125594570001
386, VASWUK , Cc1cc2ccc3ccc4cc(C)c5ccccc5c4c3c2c2ccccc12 , P21/c ,1,0,1.3185389539399999,0.717412909526
387, ARUGEB , CC(C)(C)c1ccc(cc1)c1c2cccc3c4cccc5c4c4c(c23)c2c1c1cccc3c6cccc7c(c8ccc(cc8)C(C)(C)C)c5c4c(c67)c2c13 , P21/c ,1,0,1.25283505778,0.670497886816
388, REGSEE , CCCCCCCCc1ccc2ccc3c(CCCCCCCC)ccc4ccc1c2c34 , P21/n ,0,1,1.1515279445200002,0.706804284962
389, SUQLAS01 , c1ccc(cc1)C=Cc1c2ccccc2c(C=Cc2ccccc2)c2ccccc12 , P21/n ,0,1,1.2337266520899999,0.683374881292
390, UCEVUU , c1ccc(cc1)C=Cc1ccc2c3cccc4cccc(c2c1)c34 , Pna21 ,0,0,1.28336529619,0.705168281234
391, KOBXII , c1ccc(cc1)c1c2c3cccc4cccc(c34)c2c(c2ccccc2)c2c3cccc4cccc(c34)c12 , Abam ,0,0,1.28105856041,0.689382482672
392, JASRIE , CC1CCc2ccc3c4cccc(C)c4ccc3c2C1C , P212121 ,0,0,1.16934475689,0.675676210256
393, BILRAR , c1ccc(cc1)C#CC1=C2c3ccccc3C(=C2c2cccc3cccc1c23)c1ccccc1 , P21/c ,1,0,1.26085716282,0.6786019468950001
394, VEBJOC , c1ccc(cc1)c1ccc(c2ccccc2)c2cc3c(cc12)c(c1ccccc1)c1cc2c(ccc(c4ccccc4)c2cc1c3c1ccccc1)c1ccccc1 , P-1 ,1,1,1.27486153374,0.699791381243
395, OPOPOZ , c1ccc(cc1)c1c2c3ccc4cccc5ccc(c3c45)c2c(c2ccccc2)c2c(c3ccccc3)c3c4ccc5cccc6ccc(c4c56)c3c(c3ccccc3)c12 , I41cd ,0,0,1.34961003647,0.709790459394
396, JOGMOI , Cc1c2ccc3c(C)c(C#Cc4ccccc4)c4ccc5ccc(c1C#Cc1ccccc1)c1c5c4c3c21 , Pca21 ,0,0,1.24972613271,0.673070844123
397, TEWWOK , Cc1cc(C)cc(c1)c1c2cc(C)cc(C)c2c2ccccc2c1c1ccccc1 , P21/c ,1,0,1.20872086935,0.6837806637809999
398, RIWSAT , C1c2cccc3c4ccc5ccc6c7cccc8Cc9c1c(c23)c1c4c5c6c1c9c78 , Cc ,0,0,1.46537238604,0.737930484906
399, HDBANT01 , C1c2ccc3ccccc3c2Cc2ccc3ccccc3c12 , P21/a ,0,0,1.27393011563,0.703151874785
400, ANTCEN21 , c1ccc2cc3ccccc3cc2c1 , P21/c ,1,0,1.29261965764,0.711660893947
401, ANTCEN20 , c1ccc2cc3ccccc3cc2c1 , P21/c ,1,0,1.2971058753799998,0.71232063335
402, ANTCEN23 , c1ccc2cc3ccccc3cc2c1 , P21/c ,1,0,1.3001729207200001,0.714068942768
403, ANTCEN22 , c1ccc2cc3ccccc3cc2c1 , P21/c ,1,0,1.2995485204100001,0.71241959426
404, JOJSEI , Cc1ccc2c(c1)c1ccccc1c1c3ccc(C)cc3c3ccccc3c21 , P21/a ,0,1,1.32656420632,0.7228158602150001
405, IFIQOF , c1ccc2c(c1)c1ccccc1c1c2ccc2c3ccccc3c3ccccc3c12 , P21/n ,0,0,1.40046298823,0.744377478192
406, NAPHTA49 , c1ccc2ccccc2c1 , P21/c ,1,0,1.22033097513,0.690487804878
407, IDEFED , CC(C)(C)C1Cc2ccc3ccccc3c2C1=C1c2ccccc2c2ccccc12 , Pca21 ,0,0,1.1908752684200001,0.67605011323
408, OHICUD , c1ccc(cc1)C#Cc1cc2ccc3ccccc3c2c(c1)c1ccccc1 , P-1 ,1,1,1.2684990454,0.703870513723
409, OBIHEO , c1ccc(cc1)c1cc2ccccc2c(c2ccccc2)c1c1ccccc1 , P21/c ,1,1,1.18786083904,0.655835881753
410, WUMWOR , Cc1cc2c(cc(C)c3ccc(cc23)c2ccc(cc2)C(C)(C)C)c2cc(ccc12)c1ccc(cc1)C(C)(C)C , P-1 ,1,1,1.1866616292299998,0.6838498668520001
411, NAPHTA17 , c1ccc2ccccc2c1 , P21/c ,1,0,1.22809055977,0.7299186991869999
412, SEVYOK , Cc1cc2cc3ccccc3c3ccc4cccc1c4c23 , Pca21 ,0,0,1.35771279102,0.7414671868960001
413, EVEHIW , CC(C)(C)c1ccc2c(ccc3ccc4cc(ccc4c23)C(C)(C)C)c1 , P-1 ,1,1,1.1651210273000001,0.676406926407
414, SULNOE , Cc1cc2ccc3ccccc3c2c2ccccc12 , P212121 ,0,0,1.31324106301,0.724776212833
415, AQOPIH , Cc1ccc2ccc3c4ccc5ccc6ccc7ccc(c3c2c1)c1c7c6c5c41 , P21/c ,1,1,1.39290928729,0.724921951655
416, BUTPYR10 , CC(C)(C)c1cc2ccc3cc(cc4ccc(c1)c2c34)C(C)(C)C , P-1 ,1,1,1.1878334641600001,0.6978169400570001
417, GUNBEX , CCCCCCc1ccc(CCCCCC)c2cc3cc4c(CCCCCC)ccc(CCCCCC)c4cc3cc12 , C2/c ,1,0,1.0901737414700001,0.679009270163
418, BIPHEC , c1ccc2c(c1)ccc1ccc3ccc4ccc5cc6c7ccccc7c6cc5c4c3c21 , P21/n ,0,0,1.29693123324,0.638083538084
419, DMANTR , Cc1c2ccccc2c(C)c2ccccc12 , P21/c ,1,0,1.23437226367,0.7188453159039999
420, LEZRIT , c1ccc(cc1)c1c2ccccc2c2c3c4ccccc4c3c3c4ccccc4c3c2c1c1ccccc1 , P21/c ,1,1,1.29722888123,0.688502639862
421, NAPHTA16 , c1ccc2ccccc2c1 , P21/c ,1,0,1.2333468834299999,0.734268292683
422, TUFMOY , c1ccc2cc(ccc2c1)C#Cc1ccc2cc3ccccc3cc2c1 , Cc ,0,0,1.2998784280700002,0.714149305556
423, SUMMES , C1C2=CC=CC3=C1C(=CC=C2)c1cccc2cccc3c12 , P-1 ,1,1,1.34370550592,0.7277728085870001
424, IZUCIP , c1ccc(cc1)c1c2cccc3c4ccccc4c4cccc(c1c1ccccc1)c4c23 , P21/c ,1,0,1.3310784604299999,0.71469045284
425, SOFLUV , C1CC2C3CCC=CC3C(C2C=C1)c1ccc2ccccc2c1 , P21/c ,1,0,1.1771704775799998,0.690062434964
426, LEZSEQ , c1ccc(cc1)c1c2ccccc2c2ccc3c4ccccc4c3c2c1c1ccccc1 , P21/c ,1,0,1.27993764859,0.696303897675
427, ICOGEM , C1Cc2ccc(CCc3ccc1cc3)c1c2ccc2ccccc12 , P21 ,0,0,1.24129506861,0.6894375
428, KAGFOP , c1ccc(cc1)c1c2cccc3cccc(c23)c2c(c3ccccc3)c3cccc4cccc(c34)c12 , P21/n ,0,1,1.26967710144,0.671653800547
429, BENANT02 , Cc1c2ccccc2c(C)c2c3ccccc3ccc12 , Pna21 ,0,0,1.2673997383700002,0.7062437934460001
430, BENANT03 , Cc1c2ccccc2c(C)c2c3ccccc3ccc12 , Pna21 ,0,0,1.2673997383700002,0.729952830189
431, DPNAPH02 , c1ccc(cc1)c1cccc2cccc(c3ccccc3)c12 , P21/c ,1,1,1.2851113597,0.7139650011509999
432, DPNAPH01 , c1ccc(cc1)c1cccc2cccc(c3ccccc3)c12 , P21/n ,0,1,1.24742989444,0.695296677271
433, PYRENE , c1cc2ccc3cccc4ccc(c1)c2c34 , P21/a ,0,0,1.2759054437700001,0.707419916959
434, XOCLUX , CCCc1ccc(CCC)c2cc3ccccc3cc12 , P21/c ,1,0,1.15585605313,0.683368993714
435, TARNAE , c1ccc(cc1)c1c2ccccc2c(c2ccccc2)c2c3cc4cc5ccccc5cc4cc3c12 , C2/c ,1,0,1.31551822305,0.705982905983
436, DMBPHA , Cc1cccc2ccc3ccc4cccc(C)c4c3c12 , Pbna ,0,0,1.2547322647399999,0.700339683946
437, NAPCPR01 , C1c2cc3ccccc3cc12 , Pnma ,1,0,1.26837320316,0.726304945055
438, OVALEN01 , c1cc2ccc3cc4ccc5ccc6ccc7cc8ccc1c1c2c3c2c4c5c6c7c2c81 , P21/a ,0,0,1.47934001528,0.7467153528079999
439, NPCBCP , C1Cc2c1c1CCc3c4CCc4c4CCc2c4c13 , P-1 ,1,1,1.31961770532,0.7486953437710001
440, UCIJUO , CC(C)(C)C1=Cc2c3c(C1)c(c1ccccc1)c1cc(c4ccccc4)c4ccccc4c1c3c1ccccc1c2c1ccccc1 , C2/c ,1,0,1.2182002332200002,0.672260483141
441, PEZPOA , C1c2cccc3cccc(c23)C21c1c3ccccc3ccc1c1ccc3ccccc3c21 , I-4 ,0,0,1.20338697738,0.634552584571
442, VEPHEE , CCCCCc1ccc(cc1)C=Cc1ccc2cc3cc(C=Cc4ccc(CCCCC)cc4)ccc3cc2c1 , C2/c ,1,0,1.21412181949,0.7012144888249999
443, MASWUB , c1ccc2c(c1)ccc1cc3c(ccc4c5ccccc5c5ccccc5c34)cc21 , P21 ,0,0,1.3409839808700001,0.708458533654
444, ZIWZOW , C1C=CCc2c1c1ccccc1c1ccccc21 , P212121 ,0,0,1.34256405198,0.749872146856
445, SEHNAW01 , c1ccc2c(c1)cccc2C=Cc1c2ccccc2cc2ccccc12 , P212121 ,0,0,1.25758281925,0.688596649252
446, DAQJIP , C1C(=Cc2c1c(c1ccccc1)c1ccccc1c2c1ccccc1)c1ccccc1 , P212121 ,0,1,1.2456050035100001,0.6820338352850001
447, CIWRAB , c1ccc2C3c4cccc5ccc6ccc7ccc(C=Cc2c1)c3c7c6c45 , P21 ,0,0,1.3616965063600002,0.7223454545450001
448, IDAKEE , Cc1ccc(cc1)c1ccc2c(ccc3ccc4ccc5cc(ccc5c4c23)c2ccc(C)cc2)c1 , C2/c ,1,1,1.27153419402,0.701562621775
449, PYRCEN , C1Cc2ccc3CCc4ccc1c2c34 , P21/n ,0,0,1.30210194062,0.7494307494310001
450, IDAQOW , Cc1ccc2cc3ccccc3cc2c1c1ccccc1 , P21/c ,1,0,1.25021861834,0.698801554324
451, ARAGAC , Cc1cc2c(cc1C)c(c1ccccc1)c1c3ccc4c5c(C)ccc(C)c5c5ccc(c3c45)c1c2c1ccccc1 , P21/n ,0,1,1.12920014496,0.610338413911
452, CEGCAS01 , c1cc2ccc3ccc4ccc5ccc6ccc7ccc1c1c2c3c4c5c6c71 , C2/c ,1,1,1.40942424442,0.729355185133
453, EAFNAA , Cc1ccccc1c1c(C)ccc2cc3ccc(C)c(c4ccccc4C)c3cc12 , Pna21 ,0,0,1.12191507622,0.640337340264
454, TBZPYR , c1ccc2c(c1)cc1ccc3cc4ccccc4c4c5ccccc5c2c1c34 , Pn21m ,0,0,1.3786902255200002,0.7313434165289999
455, DIMNAP , Cc1cccc2c(C)cccc12 , P21/c ,1,0,1.14632840785,0.7068441713600001
456, ZERQAR , C#Cc1cccc2c1ccc1ccc3ccc4ccc5c(cccc5c4c3c21)C#C , P212121 ,0,0,1.32089727008,0.709230437737
457, NUVSON , CC#Cc1cc2cccc3ccc4cccc1c4c23 , Pbca ,1,0,1.2620211481799999,0.690834114339
458, ECIGOO , CC(C)Cc1c2ccccc2c(c2ccccc2)c2cc3ccccc3cc12 , P21/c ,1,0,1.21214839388,0.683356481481
459, MBZANT10 , Cc1cccc2ccc3cc4ccccc4cc3c12 , P21 ,0,0,1.26948756427,0.7145312271459999
460, ICURAC , CC(C)(C)c1cc2c3cc4ccc5ccccc5c4c4cc(cc(c5cc6ccc7ccccc7c6c(c1)c25)c34)C(C)(C)C , C2/c ,1,0,1.27520591382,0.7023992392659999
461, TEBNAP02 , c1ccc2c(c1)c1ccccc1c1c3ccccc3c3ccccc3c21 , P21/n ,0,0,1.3446183508899998,0.723332908266
462, AHEMUW , C1=CC#Cc2ccc(C=CC=CC#Cc3ccc(C=C1)c1ccccc31)c1ccccc21 , P2/c ,1,0,1.27979197219,0.707677592613
463, UTAHUU , c1ccc2c(c1)ccc1c3ccc4ccccc4c3c3c4ccccc4ccc3c21 , Pca21 ,0,0,1.35427643732,0.722967794605
464, BZPHAN , c1ccc2c(c1)ccc1ccc3ccccc3c21 , P212121 ,0,0,1.26293900327,0.691223763832
465, TIDVAE , C1C2C(c3ccccc13)c1cccc3cc4ccccc4c2c13 , P61 ,0,0,1.2692866514799999,0.683741143516
466, BUFDUB , CCCCCc1c2c3cccc4cccc(c34)c2c(CCCCC)c2c3cccc4cccc(c34)c12 , P21/c ,1,0,1.20135136924,0.6933429637649999
467, QQQCIG11 , c1ccc(cc1)c1c2ccccc2c(c2ccccc2)c2c(c3ccccc3)c3ccccc3c(c3ccccc3)c12 , Cmca ,1,1,1.26880548215,0.6908393934270001
468, QQQCIG10 , c1ccc(cc1)c1c2ccccc2c(c2ccccc2)c2c(c3ccccc3)c3ccccc3c(c3ccccc3)c12 , Cmca ,1,1,1.2595301168100002,0.691359853004
469, QQQCIG13 , c1ccc(cc1)c1c2ccccc2c(c2ccccc2)c2c(c3ccccc3)c3ccccc3c(c3ccccc3)c12 , P21/c ,1,0,1.2788270643000001,0.697409688847
470, MEWCEZ , Cc1cccc2c3ccccc3c(c3ccccc3)c(c3ccccc3)c12 , P-1 ,1,1,1.23549953306,0.677029492247
471, QQQCIG15 , c1ccc(cc1)c1c2ccccc2c(c2ccccc2)c2c(c3ccccc3)c3ccccc3c(c3ccccc3)c12 , Bbcm ,0,1,1.27408916475,0.689841591972
472, QQQCIG14 , c1ccc(cc1)c1c2ccccc2c(c2ccccc2)c2c(c3ccccc3)c3ccccc3c(c3ccccc3)c12 , P-1 ,1,1,1.29409568476,0.701571920758
473, SESPEL01 , c1cc2ccc3cccc4c3c2c(c1)C4=C1c2cccc3ccc4cccc1c4c23 , P21/n ,0,0,1.36432981467,0.71097932625
474, TIDTOQ , C1C2c3ccccc3C31C=CC=CC3=C2c1c2ccccc2cc2ccccc12 , P21/c ,1,0,1.27944384981,0.698629586787
475, NAZBUN , c1ccc2c(c1)cc1ccccc1c2C=Cc1ccc(cc1)C=Cc1c2ccccc2cc2ccccc12 , P21/c ,1,0,1.28033234181,0.70045841061
476, SURTAA , c1cc2ccc3c2c(c1)c1ccc2ccc4cccc5c4c2c1c35 , P21/c ,1,0,1.38958090745,0.723730789613
477, PHTCHP , c1ccc2c(c1)cc1C3C4C3C4c3cccc2c13 , Iba2 ,0,0,1.26292151307,0.575382719253
478, GASWIG , CCCc1c2ccccc2cc2ccccc12 , Pbca ,1,0,1.1297011878399998,0.6510063935589999
479, ZEDKAW , Cc1cc(C)cc(C=Cc2c3ccccc3c(C=Cc3cc(C)cc(C)c3)c3ccccc23)c1 , P21/c ,1,1,1.1811194975,0.673252673253
480, DIWQOR , C1CC1c1c(ccc2cc3ccccc3cc12)c1ccccc1 , Cc ,0,0,1.20578235055,0.666952170963
481, SUYSOV , CC(C)c1ccc(C(C)C)c2cc3c(ccc(C(C)C)c3cc12)C(C)C , P21/c ,1,1,1.08521233025,0.660591491841
482, OMNAPH , Cc1c(C)c(C)c2c(C)c(C)c(C)c(C)c2c1C , Ccca ,1,1,1.10912461687,0.583445793972
483, DNAPAN , c1ccc2c(c1)ccc1ccc3cc4c(ccc5ccc6ccccc6c45)cc3c21 , P21/c ,1,0,1.31197801216,0.666460841824
484, NEJGUE01 , C1CC2CCC1c1c3cc4c(cc3c3C5CCC(CC5)c3c21)c1C2CCC(CC2)c1c1C2CCC(CC2)c41 , P-1 ,1,1,1.2133239466799999,0.668835955435
485, OXIYOK , Cc1ccc(cc1)c1c2ccc(C)cc2c2cc(C)ccc2c1c1ccc(C)cc1 , P21/n ,0,0,1.1856086666799999,0.673694991877
486, HIGNIV01 , CCCCc1ccc(CCCC)c2cc3cc4c(CCCC)ccc(CCCC)c4cc3cc12 , P-1 ,1,1,1.11641836844,0.6858718766609999
487, ETHHEL , C1Cc2cccc3c2ccc2ccc4ccc5ccc6ccc7cc1ccc7c6c5c4c32 , Pna21 ,0,1,1.32859306591,0.6528341395939999
488, SEVYUQ , Cc1ccc2cc(C)c3c4ccccc4cc4ccc1c2c34 , P21/n ,0,0,1.35164496006,0.7536413239540001
489, LIHDEL , Cc1cc2c(cc1C)c1c3ccccc3ccc1c1ccc3ccccc3c21 , P21/n ,0,1,1.32850046378,0.728981880932
490, NEJCIQ , CC(C)CCCC(C)C1CC=C2c3ccc4cccc(C)c4c3CCC12C , P212121 ,0,0,1.10935873051,0.678069404788
491, PERLEN07 , c1cc2cccc3c4cccc5cccc(c(c1)c23)c45 , P21/c ,1,0,1.40492639689,0.773071492748
492, ICUQUV , CC(C)(C)c1cc2c3ccc4ccccc4c3cc3c4cc(cc5c6ccc7ccccc7c6cc(c(c1)c23)c45)C(C)(C)C , Pca21 ,0,0,1.2633462293200002,0.697095533033
493, DBNTHR02 , c1ccc2c(c1)ccc1cc3c(ccc4ccccc34)cc21 , Pcab ,0,0,1.2806083366,0.7001258183519999
494, WAHSED , CCc1cc2c3cccc4cccc(c5c(CC)cc6c7cccc8cccc(c1c6c25)c78)c34 , C2/c ,1,1,1.35195575157,0.669707702766
495, DBNTHR01 , c1ccc2c(c1)ccc1cc3c(ccc4ccccc34)cc21 , Pcab ,0,0,1.2806083366,0.7033139274519999
496, ERASIA01 , c1cc2cc3cc(ccc13)c1ccc3ccc(cc3c1)c1ccc3ccc(cc3c1)c1ccc3ccc(cc3c1)c1ccc3ccc(cc3c1)c1ccc3ccc2cc3c1 , Cmca ,1,0,1.30093809597,0.690386845326
497, MANTHR03 , Cc1c2ccccc2cc2ccccc12 , P21/c ,1,0,1.2327856101799999,0.7013253146230001
498, MANTHR01 , Cc1c2ccccc2cc2ccccc12 , P21/c ,1,0,1.22392310358,0.6980297370540001
499, HEBGAX , CC1Cc2ccc3ccccc3c2C1=C1c2ccccc2c2ccccc12 , R-3 ,1,0,1.26506339657,0.7003885062369999
500, OQEYUF , c1ccc(cc1)C(c1ccccc1)=C1c2ccccc2c2cc3ccccc3cc12 , Pca21 ,0,0,1.22560645848,0.661287737721
501, WOWVOV , Cc1ccc2cc(c3ccccc3)c3cc(C)ccc3c2c1 , P21/c ,1,0,1.25458002894,0.7111590451540001
502, GUMZOE , CCc1ccc(CC)c2cc3cc4c(CC)ccc(CC)c4cc3cc12 , P-1 ,1,1,1.2510342157799998,0.741153846154
503, EQAKUE , C1c2ccc3Cc4cc(c5Cc6ccc1c1c2c3c4c5c61)c1ccc2ccc3cccc4ccc1c2c34 , P21ca ,0,0,1.39417703859,0.717066873767
504, XITPAS , CCc1ccc(CC)c2cc3c(CC)ccc(CC)c3cc12 , P21/n ,0,1,1.1646461286,0.703205752378
505, HIQVAE , c1ccc2c(c1)c1ccc3C=Cc4ccc2c1c34 , Pna21 ,0,0,1.35418426558,0.71902727802
506, UPIXEY , c1ccc2c(c1)ccc1c3ccccc3c3ccccc3c21 , Pca21 ,0,0,1.3281205546200001,0.7138062169310001
507, CORONE04 , c1cc2ccc3ccc4ccc5ccc6ccc1c1c2c3c4c5c61 , P21/n ,0,0,1.46909442586,0.754111405836
508, WANRAH , CC(C)(C)c1ccc(cc1)c1cccc2ccc3c(ccc4cccc(c5ccc(cc5)C(C)(C)C)c34)c12 , P21 ,0,0,1.20770875152,0.691289178678
509, OLAGEO , CC1=C(C)C(=Cc2ccc3ccc4cccc5ccc2c3c45)C(=C1C)C , P21/c ,1,1,1.22302495417,0.6868429189859999
510, FOGSOJ , c1ccc2c(c1)C=Cc1cccc3cc4cccc(C=Cc5ccccc25)c4cc13 , Pbca ,1,0,1.28731252972,0.7060195253980001
511, NAPHTA19 , c1ccc2ccccc2c1 , P21/a ,0,0,1.2606699996600002,0.7229722064659999
512, NAPHTA18 , c1ccc2ccccc2c1 , P21/c ,1,0,1.21640088995,0.72337398374
513, OYUNUS , CC1(C)c2ccccc2c2c3ccccc3c(cc12)c1ccccc1 , P212121 ,0,0,1.17800266652,0.654397634885
514, ZATQAO , c1ccc2cc(C=Cc3ccc(cc3)c3ccc(C=Cc4ccc5ccccc5c4)cc3)ccc2c1 , P212121 ,0,0,1.27187166171,0.701859125426
515, ANTCEN19 , c1ccc2cc3ccccc3cc2c1 , P21/c ,1,0,1.25180693724,0.692735683921
516, JAKDUU , Cc1cccc2C=Cc3cccc(C)c3c3c4ccccc4c4ccccc4c3c12 , P-1 ,1,1,1.26526823377,0.6865901455769999
517, RAFTEX , C1C23c4cccc5cccc(c45)C12c1cccc2cccc3c12 , P-1 ,1,1,1.33909945809,0.6994400235780001
518, FIKWUU , c1ccc(cc1)C1=C2C(=C3c4ccccc4c4cccc5c6cccc(c7ccccc17)c6c2c3c45)c1ccccc1 , P-1 ,1,1,1.3513688297400002,0.710041592395
519, EDUZEI , CCCc1c(CCC)c(CCC)c2cc3c(CC)c(CC)c(CC)c(CC)c3cc2c1CCC , P21/a ,0,0,1.01663191229,0.643498883357
520, NAPHTA12 , c1ccc2ccccc2c1 , P21/a ,0,0,1.2680876613299998,0.758442049537
521, ANTCEN10 , c1ccc2cc3ccccc3cc2c1 , P21/a ,0,0,1.28753375757,0.723754152824
522, ANTCEN11 , c1ccc2cc3ccccc3cc2c1 , P21/a ,0,0,1.2795596405399998,0.718410852713
523, ANTCEN12 , c1ccc2cc3ccccc3cc2c1 , P21/a ,0,0,1.2702456182,0.714875147358
524, ANTCEN13 , c1ccc2cc3ccccc3cc2c1 , P21/a ,0,0,1.26079406966,0.709891758654
525, YEWMEV , c1ccc(cc1)c1ccc(cc1)c1cccc2c3cc(ccc3c3ccccc3c12)c1ccccc1 , P212121 ,0,0,1.2791297218000002,0.694089425068
526, NAPCPR , C1c2cc3ccccc3cc12 , Pnma ,1,0,1.2302271870200001,0.7017122132250001
527, RUZHIF , Cc1ccc(cc1)c1cc(c2ccccc2)c2c3cccc4cccc(c34)c2c1c1ccccc1 , P21/c ,1,0,1.2363619473799998,0.677910266051
528, NEVGUT , c1cc2cccc3c2c(c1)c1cccc2c4cccc5c6cccc7c8cccc9c%10cccc%11cccc(c%10%11)c(c89)c(c67)c(c45)c3c12 , P-1 ,1,1,1.38805829636,0.7086986556139999
529, DACXAI , Cc1cccc2c3ccccc3c(C)cc12 , Pna21 ,0,0,1.21064253075,0.6876382216120001
530, FUYZUW , c1ccc2c(c1)cc1c3ccccc3c3c4c5ccccc5cc5c6ccccc6c(c2c13)c45 , C2/c ,1,1,1.4161202225299998,0.7318925831199999
531, XOXTUB , CC(C)(C)c1cc2Cc3cc(cc4c5ccccc5c(c1)c2c34)C(C)(C)C , P21/c ,1,0,1.119673863,0.644146359639
532, BCHNAP , c1ccc2c(c1)C=Cc1cccc3cccc2c13 , Pca21 ,0,0,1.2802416946700002,0.70224235858
533, CORONE03 , c1cc2ccc3ccc4ccc5ccc6ccc1c1c2c3c4c5c61 , P21/n ,0,0,1.43401716169,0.7341000502770001
534, CORONE , c1cc2ccc3ccc4ccc5ccc6ccc1c1c2c3c4c5c61 , P21/a ,0,0,1.39456553016,0.7314007907690001
535, IQITEI , CCCc1ccc(CCC)c2cc3c(cc12)c(c1ccccc1)c1cc2c(CCC)ccc(CCC)c2cc1c3c1ccccc1 , P-1 ,1,1,1.1524192766299999,0.665715863084
536, LETCUK , c1ccc2cc(ccc2c1)c1cccc(c1)c1ccc2ccccc2c1 , Pbcn ,1,0,1.2689994668200002,0.708521937322
537, QURDIS , CC1(C)c2cccc3cc4cccc5c4c(c23)c2c1cccc2C5(C)C , C2221 ,0,0,1.2373679669700002,0.673396715644
538, QIRGIJ , c1ccc2c(c1)ccc1c2c2c3ccccc3ccc2C1=C1c2ccc3ccccc3c2c2c3ccccc3ccc12 , P21/c ,1,1,1.34212603052,0.707406923269
539, OXOVOO , c1ccc(cc1)c1c2ccccc2c2ccc3cccc4c5ccccc5c1c2c34 , P21/c ,1,0,1.3587569899399998,0.7127846610609999
540, BURUBC , CC(C)(C)c1ccc2c(c1)c1cccc3c1c2c1cccc2c4ccc(cc4c3c12)C(C)(C)C , P21/c ,1,1,1.15677860859,0.582101257204
541, TIQWAR , CC(C)(C)c1cc2cc(cc3c2c(c1)c1c3c2c3cc(cc4cc(cc(c34)c2c2c3cc(cc4cc(cc(c34)c12)C(C)(C)C)C(C)(C)C)C(C)(C)C)C(C)(C)C)C(C)(C)C , Pbcn ,1,0,1.07016337457,0.615091130792
542, JULSOY , c1ccc2c(c1)cc1c3ccccc3c3c4ccc5c6ccccc6cc6c7ccccc7c(c7ccc2c1c37)c4c56 , P21/n ,0,0,1.41642974567,0.743354044834
543, XESTAT , c1ccc(C=Cc2c3ccccc3cc3ccccc23)c(c1)C=Cc1ccc2ccc3cccc4ccc1c2c34 , P21/c ,1,0,1.2610577280500002,0.679568704952
544, WONHEN , Cc1cc2c(cc1C)c1cc(C)c(C)c3c4cc(C)c(C)cc4c4c(C)c(C)cc2c4c13 , P21/c ,1,1,1.24990790667,0.705292774858
545, RUNZOR , c1ccc(cc1)c1c2ccc3ccccc3c2cc2ccc3ccccc3c12 , Pbca ,1,0,1.32961079512,0.7182345801610001
546, MEHXHE , Cc1cccc2ccc3ccc4ccc5ccc6ccccc6c5c4c3c12 , P21/c ,1,0,1.26190503053,0.688170645033
547, IKACEC , c1ccc(cc1)C#Cc1c(C#Cc2ccccc2)c(c2ccccc2)c2ccccc2c1c1ccccc1 , Pbca ,1,0,1.20304644465,0.6640997368379999
548, TAPREJ , c1ccc(cc1)C#Cc1cccc2cccc(C#CC#Cc3cccc4cccc(C#Cc5ccccc5)c34)c12 , C2/c ,1,0,1.26143859101,0.693792238738
549, PYRENE10 , c1cc2ccc3cccc4ccc(c1)c2c34 , P21/c ,1,0,1.32041597457,0.706917549629
550, VAWQAO , Cc1ccc(cc1)c1c(C#Cc2ccccc2)c2ccccc2c(C#Cc2ccccc2)c1c1ccc(C)cc1 , Pbcn ,1,0,1.19997842705,0.671209710896
551, YOFCUR , c1cc2ccc3cc4c5cc6ccc7ccc8ccc9ccc%10cc(c%11cc%12ccc%13ccc1c1c2c3c(c4%11)c%12c%131)c5c1c6c7c8c9c%101 , P21/c ,1,0,1.56164198586,0.7833293269230001
552, KOJWOW , Cc1ccc(cc1)C1c2cc(C)ccc2c2c1c1ccccc1c1Cc3ccccc3c21 , P21/c ,1,0,1.28376606225,0.7034961006739999
553, KAXGAS , C1Cc2ccc3ccc4ccccc4c3c2C1 , P21/c ,1,1,1.25452967623,0.6919800707170001
554, CUHBIS , CCc1c2c3cccc2c(c2cccc(C#Cc4cccc5cc6cccc(C#C3)c6cc45)c12)c1c(C)cc(C)cc1C , P21/n ,0,0,1.23224404748,0.682322426963
555, FIQTAD , CC12C=Cc3cccc4cc5ccc6cc7cccc8C=CC1(C)c(c78)c6c5c2c34 , P21/c ,1,0,1.34309208033,0.7111165845649999
556, LOMDIB , Cc1ccccc1c1c2ccccc2c(c2ccccc2C)c2ccccc12 , P21/n ,0,0,1.2000390722399998,0.676876168402
557, CEXQUT , Cc1cc(C)c(c(C)c1)c1c2cccc3c4cccc5c(c6cccc7c8cccc1c8c(c23)c(c45)c67)c1c(C)cc(C)cc1C , P21/c ,1,1,1.2687175674200002,0.6871063576950001
558, OHCHRY , C1CCc2c(C1)ccc1c3CCCCc3ccc21 , P21/a ,0,0,1.2017083901799999,0.6920347457430001
559, RAMYEK , c1ccc2c(c1)cccc2C#CC#Cc1cccc2ccccc12 , P21/n ,0,0,1.25402174817,0.6877415739020001
560, DUWHOT , CC(C)c1ccc(C(C)C)c2cc3cc4c(ccc(C(C)C)c4cc3cc12)C(C)C , C2/c ,1,1,1.1492977761299998,0.6864295125159999
561, REXYOL , C1Cc2ccc3c4ccc5CCc6ccc(c7ccc1c2c37)c4c56 , P21/n ,0,1,1.34762358845,0.7116035148819999
562, PEPXAJ , Cc1ccc2ccc3ccc4ccc5cccc6Cc1c2c3c4c56 , P21/n ,0,1,1.32653703668,0.709056170412
563, RUTZOV , Cc1ccc(C)c2c3CCc4ccc(CCc(cc3)c12)c1c(C)ccc(C)c41 , P21/n ,0,1,1.25810779864,0.729508196721
564, NOBFEP01 , c1ccc2cc(ccc2c1)c1cc(cc(c1)c1ccc2ccccc2c1)c1ccc2ccccc2c1 , Pna21 ,0,1,1.23398633092,0.671609438733
565, KAGGOQ , C1Cc2cccc3c4cc5CCCc6cccc(c4cc(C1)c23)c56 , P21/c ,1,0,1.28049946979,0.701045421774
566, QETFOK , CC1(C)CCC(C)(C)c2cc3cc4c(cc3cc12)C(C)(C)CCC4(C)C , P21/n ,0,1,1.12078064134,0.6936507936509999
567, BEFJON , Cc1cc2ccc3C4CCCCC4c3c2cc1C , P-1 ,1,1,1.19206154923,0.7075110456550001
568, HPTHEL04 , c1ccc2c(c1)ccc1ccc3ccc4ccc5ccc6ccccc6c5c4c3c21 , P21/n ,0,0,1.3291146355399999,0.70225464191
569, HPTHEL03 , c1ccc2c(c1)ccc1ccc3ccc4ccc5ccc6ccccc6c5c4c3c21 , P21/n ,0,0,1.31885734201,0.6958497768
570, HPTHEL01 , c1ccc2c(c1)ccc1ccc3ccc4ccc5ccc6ccccc6c5c4c3c21 , P21/c ,1,1,1.2998282313200002,0.6383126187579999
571, OMIRIM , CCCCCc1ccc(CCCCC)c2cc3c(CCCCC)ccc(CCCCC)c3cc12 , P-1 ,1,1,1.01519410314,0.6269341563790001
572, WUMWIL , Cc1cc2c3ccccc3c(C)cc2c2ccccc12 , Pbca ,1,0,1.29026388986,0.7257303639849999
573, ROMDAZ , C(=CC=Cc1cccc2ccccc12)C=Cc1cccc2ccccc12 , P21/n ,0,0,1.24438167638,0.700617283951
574, NAYGEC , Cc1cc2cc3c(cc(C)c4ccccc34)cc2c2ccccc12 , Pbca ,1,0,1.3048359647499999,0.721109648679
575, QQQCIG28 , c1ccc(cc1)c1c2ccccc2c(c2ccccc2)c2c(c3ccccc3)c3ccccc3c(c3ccccc3)c12 , P-1 ,1,1,1.5822788522100002,0.8412849620280001
576, QQQCIG29 , c1ccc(cc1)c1c2ccccc2c(c2ccccc2)c2c(c3ccccc3)c3ccccc3c(c3ccccc3)c12 , P-1 ,1,1,1.6295277869999998,0.8599709114409999
577, AYOTEO , C=CCCCc1c2ccccc2cc2ccccc12 , P21/c ,1,0,1.1716448752,0.681057681058
578, MAMSUQ , c1ccc(cc1)c1c2ccccc2c2c3ccccc3c3c4ccccc4c(c4ccccc4)c1c23 , C2/c ,1,1,1.33410011562,0.712723992036
579, QQQCIG23 , c1ccc(cc1)c1c2ccccc2c(c2ccccc2)c2c(c3ccccc3)c3ccccc3c(c3ccccc3)c12 , Cmca ,1,0,1.30307059947,0.734519888819
580, QQQCIG24 , c1ccc(cc1)c1c2ccccc2c(c2ccccc2)c2c(c3ccccc3)c3ccccc3c(c3ccccc3)c12 , P-1 ,1,1,1.28712733537,0.6946167097329999
581, QQQCIG25 , c1ccc(cc1)c1c2ccccc2c(c2ccccc2)c2c(c3ccccc3)c3ccccc3c(c3ccccc3)c12 , P-1 ,1,1,1.3972838070500002,0.75360313617
582, QQQCIG26 , c1ccc(cc1)c1c2ccccc2c(c2ccccc2)c2c(c3ccccc3)c3ccccc3c(c3ccccc3)c12 , P-1 ,1,1,1.47803785087,0.793029238609
583, QQQCIG27 , c1ccc(cc1)c1c2ccccc2c(c2ccccc2)c2c(c3ccccc3)c3ccccc3c(c3ccccc3)c12 , P-1 ,1,1,1.5312883126199999,0.818421052632
584, OFABAB , c1ccc(cc1)c1c2cccc3c(c4ccccc4)c(c4ccccc4)c4cccc(c1c1ccccc1)c4c23 , P21/n ,0,0,1.27821719064,0.690705128205
585, QUMTOH , Cc1cc2ccccc2c(c2ccccc2)c1c1ccccc1 , C2/c ,1,0,1.1902558511799999,0.675218870569
586, SETTUI , Cc1ccc2c(c1)c1ccc3c4cc(C)ccc4c4c5ccc(C)cc5c5ccc6c7cc(C)ccc7c2c2c1c3c4c5c62 , C2/c ,1,1,1.3994663661500002,0.7336471955830001
587, HNCBAN , c1ccc2cc3C4C(c5cccc6cccc4c56)c3cc2c1 , P21/c ,1,0,1.31534302483,0.7008790475130001
588, QIXVEZ , CC(C)(C)c1ccc(cc1)C(c1ccc(cc1)c1c2ccccc2cc2ccccc12)=C(c1ccc(cc1)c1c2ccccc2cc2ccccc12)c1ccc(cc1)C(C)(C)C , Pbca ,1,0,1.1606840062700001,0.645606772121
589, SIWFUZ , C1c2cc3cc4Cc4cc3cc12 , P21/n ,0,0,1.3291774998399999,0.747356864021
590, LEPPIF01 , c1ccc(cc1)C#Cc1c2ccccc2c(C#Cc2ccccc2)c2ccccc12 , C2/c ,1,0,1.22989441693,0.673278393483
591, LEPPIF02 , c1ccc(cc1)C#Cc1c2ccccc2c(C#Cc2ccccc2)c2ccccc12 , Pbcn ,1,0,1.2681048173799998,0.7024605866470001
592, LEPPIF03 , c1ccc(cc1)C#Cc1c2ccccc2c(C#Cc2ccccc2)c2ccccc12 , C2/c ,1,0,1.26836842883,0.707738290334
593, OHCHRY01 , C1CCc2c(C1)ccc1c3CCCCc3ccc21 , P21/c ,1,0,1.1982835738,0.699868666621
594, LEPPIF06 , c1ccc(cc1)C#Cc1c2ccccc2c(C#Cc2ccccc2)c2ccccc12 , C2/c ,1,0,1.25793032974,0.6905230135320001
595, LEPPIF07 , c1ccc(cc1)C#Cc1c2ccccc2c(C#Cc2ccccc2)c2ccccc12 , C2/c ,1,0,1.23493820185,0.675919295254
596, BPSIND , c1ccc2c(c1)C=CC12C=Cc2ccc3ccc4cccc5cc1c2c3c45 , P212121 ,0,0,1.3023149297299998,0.699626865672
597, BONJUJ , C1Cc2cccc(c2)c2cccc3cccc(c4cccc1c4)c23 , P-1 ,1,1,1.2565680280299998,0.6868818681319999
598, GUYPAS , c1ccc(cc1)C1=C2c3ccc4ccccc4c3C(=C2c2ccc3ccccc3c12)c1ccccc1 , P21/n ,0,0,1.3016119339799999,0.7057866666670001
599, XATKOV , c1ccc(cc1)c1ccc2cc3cc4ccccc4cc3cc2c1 , P21 ,0,0,1.3568152322999998,0.728287042803
600, SOHVUG01 , Cc1ccc2ccc3ccccc3c2c1 , P21/n ,0,0,1.23924316091,0.700640652301
601, RIWSIB , C1C[cH]2cc3c4cccc5Cc6c7Cc8cccc9c%10cc1c2c1c%10c(c7c89)c(c6c45)c31 , R-3 ,1,0,1.39169536806,0.700534537373
602, KAGFUV , c1ccc(cc1)c1c2cccc3ccc4c5ccccc5c5c6cccc7cccc(c67)c1c5c4c23 , Pbca ,1,0,1.34351269625,0.696855161535
603, NAPHTA54 , c1ccc2ccccc2c1 , P21/a ,0,0,1.2340036089,0.712527716186
604, NOBFEP , c1ccc2cc(ccc2c1)c1cc(cc(c1)c1ccc2ccccc2c1)c1ccc2ccccc2c1 , Pna21 ,0,1,1.2359825272799998,0.66914754586
605, DESZEJ , Cc1ccc(cc1)c1ccc(c2ccc(C)cc2)c2ccccc12 , P21/c ,1,0,1.1759996844299998,0.659866397539
606, NAPHTA53 , c1ccc2ccccc2c1 , P21/a ,0,0,1.23848192201,0.716001478197
607, XIDLUT , CC1=Cc2c3cccc4C(=Cc(c5cccc1c25)c34)C , P21/c ,1,0,1.29225434315,0.6952455639309999
608, KEFFEJ , c1ccc2c(c1)c1cccc3c1c1c2cccc1c1c2cccc4c5ccccc5c5cccc(c5c24)c31 , Pbca ,1,0,1.39572974467,0.719984967287
609, SUHHAG , C1C=C(c2ccccc2)c2c1cc1ccccc1c2c1ccccc1 , P-1 ,1,1,1.29597424638,0.7156629939210001
610, XEHLEE , C(C=Cc1ccc2ccccc2c1)=Cc1ccc2ccccc2c1 , P21 ,0,0,1.28869800634,0.73815098521
611, SIRDAA , c1ccc(cc1)C=Cc1ccc2cc3cc(C=Cc4ccccc4)ccc3cc2c1 , P212121 ,0,0,1.30772666486,0.724936936937
612, ZUNLOL01 , c1ccc(cc1)c1ccc(cc1)c1c2ccccc2cc2ccccc12 , P21/n ,0,1,1.2229536791700002,0.668147528703
613, DPANTR11 , c1ccc(cc1)c1c2ccccc2c(c2ccccc2)c2ccccc12 , P21/n ,0,0,1.20665684051,0.662746672334
614, BNAFTH , CCCCc1c2c3cccc4cccc(c34)c2c(CCCC)c2c3cccc4cccc(c34)c12 , P21/c ,1,0,1.2366828418200002,0.71425952119
615, OCAHIL , CC(C)c1cc2ccccc2c(c1)C(C)C , Pbca ,1,0,1.12103886081,0.683899176955
616, SOHVUG , Cc1ccc2ccc3ccccc3c2c1 , P21/c ,1,0,1.19141678567,0.606234511543
617, BINAPH17 , c1ccc2c(c1)cccc2c1cccc2ccccc12 , C2/c ,1,1,1.32854660074,0.73835200747
618, ZZZUJZ01 , C1Cc2ccc3ccccc3c2c2c1ccc1ccccc21 , P42bc ,0,0,1.2507462333200001,0.6968821426180001
619, REGXUY01 , C1c2ccccc2Cc2cc3ccccc3cc12 , P212121 ,0,0,1.30822129052,0.7323804635369999
620, TEFBOY , c1ccc2c(c1)c1ccc3c4ccccc4c4c5ccccc5c5c6ccccc6c6c7ccccc7c2c2c1c3c4c5c62 , Pbca ,1,0,1.43992148521,0.735074135242
621, BEGJOO , Cc1ccc(cc1)C1=C(c2ccc(C)cc2)C(=C2C1=Cc1ccc3ccccc3c21)c1ccccc1 , P21/n ,0,0,1.24995364642,0.698687545047
622, OYUWOW , c1ccc(cc1)c1ccccc1c1ccc2cc(ccc2c1)c1ccccc1c1ccccc1 , P21/c ,1,1,1.2674576744200001,0.695375
623, HEQFUE , c1ccc2cc3c(cc2c1)C3=C1c2ccccc2c2ccccc12 , P212121 ,0,0,1.31301050388,0.709781804734
624, REBWIE , c1ccc(cc1)c1cccc2c3ccccc3c3c4cccc5cccc(c45)c3c12 , P21/c ,1,1,1.3345221191399999,0.709984051037
625, NAPHTA23 , c1ccc2ccccc2c1 , P21/a ,0,0,1.24889940799,0.730192165558
626, NAPHTA24 , c1ccc2ccccc2c1 , P21/a ,0,0,1.24817225661,0.730524759793
627, NAPHTA25 , c1ccc2ccccc2c1 , P21/a ,0,0,1.24451632839,0.727346637103
628, NAPHTA26 , c1ccc2ccccc2c1 , P21/a ,0,0,1.23889395006,0.724722838137
629, NAPHTA27 , c1ccc2ccccc2c1 , P21/a ,0,0,1.2321763444,0.7240946045819999
630, NAPHTA28 , c1ccc2ccccc2c1 , P21/a ,0,0,1.2254397136700002,0.7198078344419999
631, VASWIY , CC#Cc1ccc2ccc(C#CC)c(c3ccccc3)c2c1c1ccccc1 , C2/c ,1,1,1.25329872381,0.702907208284
632, WUPJOI , Cc1cc(C)c(c(C)c1)c1c2cc3ccccc3cc2c(c2cc3ccccc3cc12)c1c(C)cc(C)cc1C , I41/a ,1,1,1.1815692433,0.663341010703
633, SULPAS , c1ccc2c(c1)ccc1cc3C=Cc4cccc(c34)c21 , Pna21 ,0,0,1.30235341624,0.6901129770990001
634, ARAGIK , CCCCc1ccc(cc1)c1c2cc3c(cc2c(c2ccc(CCCC)cc2)c2c4cccc5cccc(c45)c12)c(c1ccc(CCCC)cc1)c1c2cccc4cccc(c24)c1c3c1ccc(CCCC)cc1 , C2/c ,1,1,1.16189557779,0.650734595833
635, MARHOE , c1ccc2c(c1)cc1ccccc1c2C=Cc1ccc(cc1)c1ccc(cc1)C=Cc1c2ccccc2cc2ccccc12 , P21/c ,1,0,1.2071879939499999,0.650441578277
636, GUQPOZ , c1cc2ccc3cccc4ccc(c1)c2c34 , P21/c ,1,0,1.32323885124,0.7111953477040001
637, NOHFIA , CC(C)c1ccc2ccc3c4ccccc4ccc3c2c1 , I-4 ,0,0,1.21335700445,0.685119259523
638, MILFIY , CC(C)(C)c1cc2ccc3cc4ccc5ccc6ccccc6c5c4c4ccc(c1)c2c34 , P21/c ,1,1,1.3187547805,0.7188074074070001
639, HURXID , Cc1cc(C)c2c(Cc3c4ccc5ccc6ccc7ccc(c23)c2c7c6c5c42)c1 , Pna21 ,0,0,1.3974299195299997,0.740667420814
640, DORYEP , CCCCC1CC(c2cc3ccccc3cc12)=C(c1ccccc1)c1ccccc1 , P21/c ,1,0,1.12931727116,0.639191919192
641, CEGCAS10 , c1cc2ccc3ccc4ccc5ccc6ccc7ccc1c1c2c3c4c5c6c71 , C2/c ,1,1,1.38903628526,0.720293124954
642, BELSUJ , C1c2ccccc2c2cc3c(ccc4cc5Cc6ccccc6c5cc34)cc12 , P21/n ,0,0,1.3169097744,0.709379989065
643, WAJZOW , C1c2ccc(cc2)C=Cc2ccc3c(c2)c1cc1c2ccc(C=Cc4ccc(cc4)c31)cc2 , P-1 ,1,1,1.31747747203,0.716094325122
644, NEMKUO , C#Cc1ccc2ccc3ccc4ccc5ccc6ccc(cc6c5c4c3c2c1)C#C , P3221 ,0,0,1.31190650896,0.704578914301
645, CAJSAJ , None , C2/c ,1,0,1.3023091802200002,0.710538265805
646, CEBKOL , Cc1ccc(cc1)c1cccc2c3ccccc3ccc12 , Pbca ,1,0,1.18166868208,0.652697674419
647, MUDRIN , c1cc2cccc3C#Cc4cccc5cccc(C#Cc(c1)c23)c45 , C2/c ,1,0,1.39803082528,0.7488883928569999
648, NTCHPE , c1cc2cccc3C4C5C4C5c(c1)c23 , Iba2 ,0,0,1.21731860658,0.658211910041
649, FALHIK , C1CC2C=CC1c1c2c(c2ccccc2)c2ccccc2c1c1ccccc1 , Pbca ,1,1,1.22661875835,0.692843677376
650, PIFSUV , Cc1cc2cc(C)c3ccc4ccccc4c3c2c2c1ccc1ccccc21 , Pbca ,1,0,1.2987638317,0.715066724064
651, TEBNAP11 , c1ccc2c(c1)c1ccccc1c1c3ccccc3c3ccccc3c21 , P21/n ,0,0,1.3495405363,0.7166871867460001
652, YUNYEN , Cc1cc2c3cccc4ccc5c6cc(C)cc7c8cccc9ccc%10c(c1)c2c(c5c34)c(c67)c%10c89 , Pbca ,1,0,1.45407451355,0.749586838942
653, TEBNAP12 , c1ccc2c(c1)c1ccccc1c1c3ccccc3c3ccccc3c21 , P21/n ,0,0,1.35877181129,0.732886738859
654, TEGNOL , c1ccc2c(c1)C13c4cccc5cccc(c45)C1=C1c4cccc5cccc(c45)C21c1ccccc31 , P21/n ,0,0,1.33786418218,0.6931456944329999
655, JUZFAN01 , c1ccc2c(c1)cc(C=Cc1cccc(C=Cc3c4ccccc4cc4ccccc34)c1)c1ccccc21 , P21 ,0,0,1.26201217048,0.68532732751
656, KAYHOK , C1=CC=C2C(=Cc3c2ccc2ccc4ccc5C6=CC=CC=CC6=Cc5c4c32)C=C1 , C2/c ,1,0,1.33680080789,0.720013907068
657, FUVGEI , Cc1cccc2ccc3ccccc3c12 , P21/c ,1,0,1.2104854684200002,0.688844971454
658, KOMHOJ , C1CCC(CC1)c1ccc2cc(ccc2c1)C1CCCCC1 , C2/c ,1,1,1.0991979224600001,0.653839862436
659, ABEJIC , c1ccc2c(c1)cccc2C#Cc1ccccc1C#Cc1cccc2ccccc12 , P-1 ,1,1,1.2645374614799998,0.7016223363680001
660, BINAPH19 , c1ccc2c(c1)cccc2c1cccc2ccccc12 , C2/c ,1,1,1.3542730352799999,0.750802686666
661, BINAPH18 , c1ccc2c(c1)cccc2c1cccc2ccccc12 , C2/c ,1,1,1.34881266111,0.7419934640520001
662, CETQUP , CCCCCc1ccc(cc1)C=Cc1cccc2cc3c(cccc3cc12)C=Cc1ccc(CCCCC)cc1 , P-1 ,1,1,1.17495731293,0.689318736173
663, PHNAPH , c1ccc2c(c1)c1c3ccccc3c3c4ccccc4c4c5ccccc5c2c1c34 , P21/c ,1,1,1.39177706551,0.679563293849
664, MASXEM , c1ccc2c(c1)ccc1c2ccc2c1ccc1c3ccccc3c3ccccc3c21 , Pbca ,1,0,1.38984240897,0.740883951288
665, BZPHAN01 , c1ccc2c(c1)ccc1ccc3ccccc3c21 , P212121 ,0,0,1.30301808002,0.7225116404620001
666, BINAPH11 , c1ccc2c(c1)cccc2c1cccc2ccccc12 , C2/c ,1,1,1.32120015957,0.7266106442579999
667, NUVSED , C#Cc1ccc2ccc3cccc4ccc1c2c34 , P21/c ,1,0,1.34967993143,0.728525382756
668, XIPJEN , c1ccc(cc1)C1=CC(=Cc2ccc3ccc4cccc5ccc2c3c45)C(=C1)c1ccccc1 , Pbca ,1,0,1.26459053292,0.688926787252
669, CIZRIN , CC(C)(C)c1ccc(C#CC#Cc2ccc(cc2C#Cc2ccc3ccc4cccc5ccc2c3c45)C(C)(C)C)c(c1)C#Cc1ccc2ccc3cccc4ccc1c2c34 , P-1 ,1,1,1.2503368804100001,0.6893796992479999
670, PHENAN08 , c1ccc2c(c1)ccc1ccccc21 , P21 ,0,0,1.22185413731,0.6832645661419999
671, CPPHEN , C1Cc2ccc3c4ccccc4ccc3c2C1 , P21/a ,0,0,1.24720216967,0.7122451486120001
672, ASEPUJ , Cc1cc2cc3cc4cc5cc(C)c(C)cc5cc4cc3cc2cc1C , P21/c ,1,0,1.3103276612399999,0.744499586435
673, DEMBON , c1ccc2c(c1)cc(C#Cc1cc3ccccc3c3ccccc13)c1ccccc21 , P21/c ,1,1,1.30947101842,0.707464571902
674, BATKIS , Cc1cc2Cc3c(C)cc4Cc5c(C)cc6Cc1c1c2c3c4c5c61 , P21/a ,0,1,1.31051366826,0.710935683843
675, PHENAN01 , c1ccc2c(c1)ccc1ccccc21 , P21 ,0,1,1.20397178546,0.637721930483
676, JASDAL , c1ccc2cc(C=Cc3ccc4ccccc4c3)ccc2c1 , P21/c ,1,0,1.27633375671,0.7186991869920001
677, PHENAN04 , c1ccc2c(c1)ccc1ccccc21 , P21 ,0,0,1.2102902671,0.6874374843709999
678, ADETOU , Cc1cc2cccc(c3ccccc3)c2cc1C , P21/n ,0,0,1.19613311388,0.688271889401
679, HAGGAA , Cc1ccccc1c1c2ccccc2ccc1c1ccccc1 , P21/c ,1,0,1.19921280724,0.671120467836
680, TETMAH , CC(C)(C)c1cc2C=Cc3cc(cc(c1)c23)C(C)(C)C , Cc ,0,0,1.07829163279,0.642667621093
